fname,lname,address,dob,phoneNum,pw,nationCard,loanKHR,loanUSD,totalKHR,totalUSD
Name468,Surname584,445 Random Street,09-24-1999,2119760762,pass822,6111,42315,570,46692,638
Name822,Surname930,266 Random Street,07-08-1998,1939546401,pass205,8976,8114,307,15330,680
Name938,Surname77,366 Random Street,04-09-1983,1513756227,pass140,3892,83751,3298,87370,4292
Name982,Surname755,97 Random Street,08-01-2004,9499926775,pass857,7705,60193,898,61020,1662
Name297,Surname467,315 Random Street,03-25-1979,7354553092,pass560,7809,70501,1432,79336,1560
Name862,Surname118,333 Random Street,10-09-1987,2792107523,pass887,6683,71945,1706,81341,2133
Name812,Surname335,22 Random Street,03-09-1985,6953565182,pass521,7485,54494,4052,57851,4578
Name234,Surname821,187 Random Street,02-15-1980,5232150650,pass123,4196,28275,3324,33439,3786
Name45,Surname581,329 Random Street,05-05-1990,7183469707,pass869,7231,30588,4131,34418,5095
Name68,Surname370,10 Random Street,01-24-1976,6343090103,pass883,8424,57239,4607,64757,5051
Name743,Surname186,224 Random Street,11-12-1982,8438529866,pass325,7966,92893,621,101876,842
Name449,Surname356,390 Random Street,08-01-1988,4596591757,pass205,9446,47862,2030,55211,2339
Name93,Surname173,227 Random Street,11-28-1995,3221282168,pass459,1648,69097,514,72678,1258
Name26,Surname148,342 Random Street,11-15-1973,7681879584,pass348,7913,2995,3802,11233,4179
Name740,Surname998,397 Random Street,05-14-1971,9359140527,pass959,7507,41194,1533,43204,1884
Name485,Surname446,12 Random Street,10-17-1989,7956653645,pass354,2281,29336,3994,30124,4351
Name819,Surname695,196 Random Street,10-14-1977,2784173517,pass534,3148,84921,393,85883,840
Name154,Surname189,409 Random Street,11-21-2006,2372769369,pass592,1381,47375,2902,51602,2998
Name788,Surname408,427 Random Street,12-23-1979,5540893988,pass698,3962,37299,1215,41692,2043
Name671,Surname714,302 Random Street,11-17-1983,1850101076,pass517,2527,88164,2571,89402,3232
Name717,Surname396,237 Random Street,09-18-1999,3720343691,pass929,9646,77780,2396,79882,2448
Name691,Surname952,339 Random Street,11-03-2002,3013716559,pass540,8828,77244,799,86204,1525
Name64,Surname941,233 Random Street,05-16-1973,4309386377,pass923,7575,6944,1900,10240,2664
Name572,Surname676,228 Random Street,08-03-1984,9360512206,pass405,5465,27703,4261,33728,4708
Name397,Surname707,81 Random Street,02-23-2000,9409183831,pass323,3295,83152,1350,91424,1622
Name388,Surname940,47 Random Street,05-22-1982,5758313479,pass588,3422,77266,3337,87172,3475
Name608,Surname28,353 Random Street,06-09-2008,3241634889,pass976,5666,19896,1184,25518,1650
Name483,Surname991,335 Random Street,11-20-1979,9627991848,pass373,3434,4968,2425,6429,2709
Name708,Surname335,401 Random Street,10-08-1995,1699900366,pass265,6995,70230,433,74807,692
Name482,Surname194,402 Random Street,08-02-2010,9455042018,pass989,7558,84759,734,88304,1116
Name66,Surname846,33 Random Street,11-09-1997,4125782392,pass407,1605,30890,3056,33199,3481
Name578,Surname427,478 Random Street,11-27-1990,3963101631,pass389,4767,76481,1350,83689,1574
Name951,Surname476,11 Random Street,11-15-1984,5121086650,pass585,1101,65897,3815,69095,4575
Name504,Surname798,372 Random Street,04-02-1971,2114465173,pass115,4938,65309,4142,72846,4841
Name850,Surname953,279 Random Street,06-13-1992,9996833698,pass541,7970,14204,1042,19814,1236
Name886,Surname71,461 Random Street,04-19-1993,9806837794,pass912,6742,87622,2186,92970,3088
Name244,Surname665,478 Random Street,06-17-1989,6375801323,pass666,2972,62624,2765,68033,3703
Name940,Surname602,128 Random Street,03-04-2002,8571413691,pass115,4128,14540,1552,18170,2346
Name602,Surname689,355 Random Street,06-04-1993,2233129627,pass510,7481,20672,1797,24830,1814
Name746,Surname647,473 Random Street,01-04-2000,2803621118,pass335,3523,98829,1662,105550,2260
Name105,Surname205,180 Random Street,01-03-2008,7838683097,pass196,6261,28129,3302,33299,3810
Name770,Surname650,448 Random Street,06-04-2006,2691515664,pass544,9128,60127,589,63972,663
Name622,Surname411,155 Random Street,10-28-2005,1547965957,pass290,8648,89444,1159,92894,2012
Name851,Surname743,332 Random Street,02-04-1978,1313803249,pass993,2835,82767,3156,88163,3512
Name890,Surname563,495 Random Street,06-09-2008,5066237721,pass558,7228,39124,467,45202,1281
Name659,Surname772,264 Random Street,04-28-2002,8948863157,pass829,3865,75160,2700,75741,3069
Name670,Surname388,294 Random Street,05-06-1979,5372323700,pass849,6049,21651,671,28055,831
Name115,Surname681,377 Random Street,08-15-1970,3802689685,pass558,8852,67367,3664,72871,4647
Name76,Surname124,90 Random Street,12-06-1976,7167986157,pass122,6279,91145,2574,99189,3076
Name427,Surname178,356 Random Street,07-27-2001,8269069703,pass422,4019,26247,444,28916,478
Name671,Surname674,28 Random Street,05-04-1975,2415911330,pass449,2348,4979,1218,10971,2025
Name508,Surname617,74 Random Street,04-03-1992,8984953125,pass126,1456,89962,3198,97842,4128
Name155,Surname534,183 Random Street,10-21-1982,5192961542,pass356,2723,17380,1299,22730,1621
Name764,Surname860,147 Random Street,10-28-1999,2641829379,pass489,2883,44956,2496,49242,3269
Name424,Surname143,300 Random Street,12-14-2009,5427460665,pass601,5764,79885,3948,84196,4535
Name599,Surname301,217 Random Street,02-25-1999,5487579448,pass885,3796,71711,3309,80563,3943
Name344,Surname274,282 Random Street,12-23-1989,6191814451,pass648,8678,37982,4744,47901,5077
Name588,Surname623,52 Random Street,11-15-1986,5362441494,pass832,9841,95727,1834,98903,1918
Name333,Surname928,258 Random Street,12-28-2002,2978392201,pass727,9690,44040,4373,47109,5016
Name417,Surname602,449 Random Street,03-07-1985,8634436838,pass214,2060,89586,3542,90970,3847
Name54,Surname24,112 Random Street,02-17-1989,7697878311,pass584,1941,62746,2555,68385,2745
Name699,Surname663,473 Random Street,05-10-1986,2032891835,pass435,5261,62802,283,65717,989
Name411,Surname921,274 Random Street,06-28-1980,1485574078,pass563,7416,75179,4510,82749,5191
Name678,Surname137,31 Random Street,10-03-1986,9047055982,pass661,9675,51533,1680,55776,2040
Name66,Surname801,371 Random Street,12-18-2000,7210212313,pass618,3859,67691,4777,69000,5079
Name40,Surname500,444 Random Street,06-19-1987,8401448179,pass555,5925,20805,366,24470,548
Name448,Surname728,496 Random Street,04-08-1992,7714299677,pass171,8554,38650,1891,44637,2575
Name782,Surname924,353 Random Street,01-10-1987,1835522994,pass975,5180,50217,3770,50834,4214
Name336,Surname123,119 Random Street,01-16-1971,9062742926,pass753,1624,17730,4831,19170,5796
Name865,Surname441,134 Random Street,03-20-1998,2951618942,pass956,6322,40200,1556,43045,1766
Name60,Surname302,457 Random Street,05-10-2010,1267254378,pass259,3251,73059,624,77496,1044
Name74,Surname242,300 Random Street,08-07-2006,1419158129,pass829,5818,17651,2116,24575,2245
Name185,Surname412,289 Random Street,11-17-1976,7289163838,pass967,8433,13732,3933,21281,4190
Name541,Surname131,250 Random Street,03-26-1972,9164330605,pass513,3056,89403,4542,92343,4818
Name564,Surname246,87 Random Street,02-05-1975,4699846822,pass126,4829,38528,981,41329,1582
Name80,Surname558,444 Random Street,06-01-2002,2584347399,pass536,8713,45304,3852,48711,4181
Name182,Surname306,419 Random Street,03-13-2001,8814929743,pass789,5367,85676,4282,92165,4605
Name346,Surname709,253 Random Street,12-13-1970,3356945597,pass535,3355,51007,3491,52775,4179
Name852,Surname508,118 Random Street,11-27-2007,3237402813,pass111,9718,44093,4993,46168,5229
Name533,Surname101,413 Random Street,12-12-1988,2555058629,pass405,5991,50533,3031,57670,3588
Name227,Surname23,139 Random Street,02-09-1974,5894422242,pass743,3049,52131,3491,56056,4345
Name128,Surname638,68 Random Street,10-06-1992,3282613692,pass761,2361,15964,2322,21486,3187
Name3,Surname437,442 Random Street,04-26-1970,2938406679,pass225,6310,30351,3809,31990,4157
Name95,Surname684,394 Random Street,07-01-2010,7435476411,pass112,3559,99464,2899,103236,3769
Name713,Surname271,303 Random Street,07-13-1994,4175466103,pass891,5857,10616,3363,14841,4130
Name836,Surname551,94 Random Street,02-19-2005,1498540515,pass884,5397,81760,1508,91439,1763
Name477,Surname313,357 Random Street,08-10-1994,5138584694,pass963,1011,76465,3272,85222,3919
Name78,Surname58,266 Random Street,05-05-1983,3466689749,pass845,4528,19230,4396,23406,4975
Name201,Surname433,449 Random Street,03-16-1986,4267478832,pass880,5533,82467,4934,87058,5780
Name782,Surname781,186 Random Street,10-01-1997,4831825773,pass268,9227,46783,1718,54161,2683
Name710,Surname620,114 Random Street,09-17-2006,6439656533,pass580,3357,34061,661,35930,777
Name268,Surname529,393 Random Street,08-05-2009,1551536038,pass842,7885,65483,3230,68100,3677
Name579,Surname462,173 Random Street,01-24-1981,6115121767,pass797,8473,50991,2120,54554,2921
Name649,Surname408,325 Random Street,11-28-1995,1868275079,pass256,6214,98611,582,103353,1397
Name423,Surname177,296 Random Street,07-28-1991,9637658482,pass241,8540,91341,3350,97393,4098
Name921,Surname772,410 Random Street,01-26-1985,1965630343,pass194,6383,48203,2659,53026,2886
Name894,Surname888,61 Random Street,03-17-1991,3017022840,pass306,1323,16306,1906,25709,1961
Name900,Surname358,464 Random Street,10-24-1978,8257722585,pass696,2307,23430,1167,29286,1543
Name509,Surname885,51 Random Street,04-09-1975,3998264037,pass444,1752,28462,1717,35976,2055
Name403,Surname733,56 Random Street,04-09-1993,5766494307,pass203,1404,57691,2345,67019,3120
Name815,Surname85,314 Random Street,08-04-2004,5871682110,pass290,2849,35560,4337,43439,5119
Name864,Surname141,345 Random Street,06-20-2001,5083301613,pass674,5531,43046,1853,44899,2679
Name526,Surname196,400 Random Street,02-16-2009,8753472542,pass445,2283,54022,3244,62838,3414
Name920,Surname173,73 Random Street,10-09-1995,1834973839,pass126,7587,19005,3574,24055,3930
Name919,Surname138,167 Random Street,12-07-1970,1759896287,pass114,3673,62500,3696,72419,4000
Name588,Surname183,401 Random Street,11-23-2000,3380420374,pass373,1273,46442,4255,48674,4599
Name817,Surname380,25 Random Street,07-25-1980,2376638354,pass830,2107,43873,4164,49008,4567
Name320,Surname530,273 Random Street,05-25-1980,2578606358,pass641,7519,56309,3337,58982,3635
Name758,Surname546,363 Random Street,05-22-1982,5609304437,pass369,5496,12856,679,17490,807
Name934,Surname263,309 Random Street,03-22-1986,9509587001,pass143,5090,50472,908,56967,1583
Name635,Surname670,392 Random Street,01-21-1977,7740945234,pass949,2108,64032,4439,69962,4879
Name491,Surname905,459 Random Street,01-17-2006,8227533305,pass198,5092,23030,4588,32015,4737
Name571,Surname455,283 Random Street,10-10-1982,2510574439,pass174,8521,3721,1157,7010,1900
Name578,Surname776,295 Random Street,07-24-1978,8196070713,pass663,5479,82169,4035,88966,4853
Name980,Surname537,353 Random Street,08-02-1981,2583949725,pass936,3700,13435,761,21274,1210
Name790,Surname47,371 Random Street,01-21-1971,5090961023,pass928,1546,26268,3681,29631,4235
Name184,Surname136,256 Random Street,05-21-1981,7198301835,pass286,3207,5699,1849,10116,2040
Name608,Surname492,484 Random Street,12-06-2006,1623634783,pass660,4922,27239,4663,33961,5287
Name323,Surname921,155 Random Street,02-27-1999,3086029941,pass813,2723,73441,3552,76199,3947
Name49,Surname698,371 Random Street,12-11-1991,4725568228,pass319,2777,54013,1557,57780,2313
Name187,Surname809,149 Random Street,10-09-1970,4827234233,pass488,5601,33630,2846,40520,3376
Name298,Surname834,364 Random Street,05-11-1999,2771221938,pass184,1526,36247,2087,45091,2193
Name726,Surname981,171 Random Street,08-23-1991,9999057852,pass442,4266,27256,4070,34077,4334
Name101,Surname897,164 Random Street,10-02-1993,8493209299,pass947,6134,39062,3098,44556,3962
Name181,Surname851,184 Random Street,01-04-2000,5482237242,pass219,7955,25953,1068,32793,1141
Name511,Surname76,298 Random Street,09-02-2003,2392081381,pass172,8943,64111,1790,72383,1937
Name753,Surname673,84 Random Street,09-12-1975,5969823229,pass806,9381,54619,398,57332,1050
Name884,Surname302,338 Random Street,05-21-2006,4477949401,pass537,7193,66170,1955,69630,2714
Name782,Surname714,25 Random Street,09-04-1984,4209112272,pass160,5838,88123,635,91127,1504
Name848,Surname298,54 Random Street,11-24-1989,9246724485,pass656,8950,96693,4779,100484,5567
Name489,Surname717,243 Random Street,04-02-1998,2991735018,pass417,7153,67873,530,75871,1362
Name591,Surname893,391 Random Street,07-13-1999,3115079344,pass420,7217,80680,4013,85295,4239
Name571,Surname627,36 Random Street,03-24-1986,6288899918,pass116,8682,99049,4803,107462,5174
Name866,Surname566,123 Random Street,01-10-1981,1993775480,pass780,5729,30242,857,31411,994
Name190,Surname135,262 Random Street,08-03-2000,5704925761,pass870,5417,94117,2948,98050,3948
Name670,Surname897,270 Random Street,08-13-2007,8272653997,pass295,7940,91219,1236,99709,1698
Name964,Surname837,182 Random Street,10-18-1970,8191406105,pass883,8653,81423,4846,86504,5629
Name410,Surname839,254 Random Street,07-03-1982,9242331462,pass833,6466,42006,4484,44527,5137
Name369,Surname745,52 Random Street,03-12-1976,8420623314,pass751,6885,85186,4181,93998,4957
Name774,Surname180,175 Random Street,05-27-1987,1883262688,pass360,7926,19106,969,24823,1948
Name438,Surname790,384 Random Street,12-11-2005,4561413853,pass923,5165,80786,3723,83400,4366
Name986,Surname281,148 Random Street,12-11-1984,4808558223,pass510,1661,14864,4748,24416,5680
Name90,Surname162,134 Random Street,12-01-1985,3904869176,pass888,2279,20589,613,25743,631
Name267,Surname527,214 Random Street,06-12-1976,1866948116,pass384,9089,26944,4665,29646,5333
Name5,Surname928,158 Random Street,05-14-1995,2536709570,pass758,5480,68353,660,74106,906
Name146,Surname327,24 Random Street,01-16-1993,3739570506,pass280,3728,32131,306,37929,972
Name737,Surname904,96 Random Street,05-13-1989,4990714720,pass677,6299,51612,3138,52848,3496
Name250,Surname252,264 Random Street,02-14-1981,2706584912,pass197,2880,53400,1341,62325,2219
Name584,Surname602,38 Random Street,05-15-1980,6015004434,pass999,2351,49645,3918,59409,4308
Name237,Surname586,419 Random Street,01-19-1999,8386109804,pass551,6472,4735,3274,13925,4218
Name838,Surname630,293 Random Street,07-18-1994,6917639115,pass234,4354,24150,2829,29233,3408
Name435,Surname717,357 Random Street,09-01-2008,9309059864,pass305,4156,48234,4925,57439,4977
Name624,Surname736,411 Random Street,01-26-1997,2714722806,pass377,1364,31184,891,37952,924
Name403,Surname250,203 Random Street,05-12-1997,3820600571,pass527,1055,21752,886,22517,1241
Name631,Surname79,345 Random Street,01-07-2001,7496974449,pass530,2097,58024,3594,58622,4482
Name880,Surname272,138 Random Street,12-07-2002,2314694447,pass994,2450,58793,400,68255,495
Name692,Surname345,98 Random Street,07-27-1993,2441548825,pass472,2112,52794,3683,61869,4176
Name621,Surname572,104 Random Street,05-21-2006,8586253459,pass748,7476,44924,1748,53526,2691
Name837,Surname356,399 Random Street,10-08-1970,2937597294,pass780,5568,72119,2678,80192,3514
Name475,Surname388,492 Random Street,09-01-1975,7944122566,pass290,4860,86899,618,88618,1390
Name905,Surname209,162 Random Street,08-06-1976,3583945754,pass360,1863,47223,2381,51086,2675
Name814,Surname879,98 Random Street,10-03-1991,6861143662,pass755,7039,83134,938,90505,1755
Name261,Surname79,452 Random Street,03-13-1970,4318796274,pass606,6734,9934,716,17565,914
Name994,Surname504,205 Random Street,09-11-1990,6497625602,pass240,9900,53751,1267,54453,1660
Name152,Surname279,469 Random Street,12-22-2005,3684365651,pass317,2901,44393,3832,49059,4139
Name453,Surname709,104 Random Street,08-05-1977,1171603460,pass623,5286,62011,856,62904,1329
Name432,Surname442,147 Random Street,10-17-2001,5900939116,pass455,7181,22331,1238,23913,1302
Name640,Surname260,190 Random Street,03-27-1991,2142554010,pass419,2365,53762,1285,56901,1884
Name754,Surname111,105 Random Street,07-13-1987,3613873677,pass618,8715,46611,1826,55560,1909
Name146,Surname193,189 Random Street,03-19-1985,3657036448,pass968,7361,30512,1417,39618,2407
Name648,Surname614,323 Random Street,06-26-1991,8163685333,pass609,3502,89697,1146,99485,2094
Name549,Surname34,460 Random Street,06-24-2000,2948640842,pass171,2549,72204,3716,78082,4335
Name794,Surname884,99 Random Street,09-27-1981,7555983679,pass899,5581,49880,989,51786,1405
Name301,Surname972,441 Random Street,05-23-1998,2031785343,pass605,2082,81388,2175,82041,2886
Name892,Surname953,208 Random Street,11-07-1971,8369098744,pass475,6658,51005,2662,55929,2825
Name801,Surname3,52 Random Street,06-06-1998,8096316830,pass170,3193,18919,1988,27092,2174
Name568,Surname702,487 Random Street,01-27-1999,6130875561,pass805,8835,9374,2709,11780,2976
Name221,Surname899,96 Random Street,02-12-1982,1261668911,pass695,9926,19893,3472,26365,3546
Name620,Surname80,145 Random Street,12-02-1981,2245237213,pass410,2428,78054,512,84909,997
Name547,Surname705,83 Random Street,11-01-2007,4146753177,pass215,7864,80475,2542,85508,2765
Name989,Surname497,268 Random Street,02-02-1982,8681380784,pass106,3963,11674,285,21256,902
Name526,Surname144,339 Random Street,07-04-1995,4024335947,pass555,5727,56343,4681,64557,4783
Name441,Surname893,103 Random Street,03-19-1991,7943484287,pass404,9537,38733,2001,46128,2677
Name99,Surname534,17 Random Street,10-13-1994,4488583842,pass267,4552,37366,1241,38977,1936
Name234,Surname55,373 Random Street,07-09-1999,7752477421,pass992,3028,40643,2007,41145,2857
Name633,Surname545,4 Random Street,07-17-1987,1277377687,pass981,3633,96738,1414,101860,1530
Name385,Surname23,372 Random Street,05-22-1996,3963647199,pass355,3388,26448,2857,32979,3489
Name646,Surname372,6 Random Street,02-09-1999,6724771723,pass994,2950,56797,4530,63808,4887
Name865,Surname236,489 Random Street,10-23-2002,9302435155,pass370,5713,27679,1567,30553,2125
Name831,Surname605,416 Random Street,10-22-1985,3917153837,pass862,9038,53560,726,63453,1259
Name182,Surname776,208 Random Street,07-25-1982,3787403048,pass979,7805,31769,3797,36299,4737
Name940,Surname514,280 Random Street,12-03-1974,5070614307,pass691,1495,68437,4606,74920,4972
Name505,Surname247,81 Random Street,03-02-1999,6363516534,pass246,5754,53396,2933,60128,3885
Name357,Surname8,470 Random Street,12-05-1984,6517094648,pass625,4210,1458,4498,10872,4638
Name309,Surname937,100 Random Street,01-21-1984,5213893152,pass345,3661,85808,548,95611,1087
Name6,Surname370,5 Random Street,07-12-1980,1945809647,pass590,5619,91824,3786,96359,4043
Name374,Surname155,333 Random Street,06-05-1971,3068093813,pass321,6493,95962,457,97102,1361
Name833,Surname560,77 Random Street,02-08-1996,1256248623,pass562,6918,13346,2308,15416,3295
Name766,Surname939,262 Random Street,03-23-1980,9073398446,pass909,8726,4613,949,11007,1438
Name536,Surname815,188 Random Street,12-02-2002,6957501835,pass408,3490,36762,2230,41941,2453
Name510,Surname958,57 Random Street,08-12-1973,6734109981,pass799,5526,61150,1536,61900,1787
Name456,Surname621,402 Random Street,10-21-1999,4334730906,pass225,2279,81051,456,88287,584
Name356,Surname859,409 Random Street,04-16-1976,9482601928,pass325,7616,37901,3933,46319,4180
Name486,Surname219,194 Random Street,03-11-2004,7844634890,pass925,5545,45511,478,53895,967
Name18,Surname824,451 Random Street,12-13-1991,7699818985,pass598,7906,74815,567,84485,1188
Name863,Surname166,274 Random Street,08-05-1971,8023958444,pass738,6947,31652,926,40956,1371
Name135,Surname885,217 Random Street,03-19-2007,6131861140,pass258,7115,91632,1115,101139,1447
Name149,Surname732,3 Random Street,07-11-1986,4840768078,pass433,6934,24352,2256,24980,2617
Name536,Surname663,153 Random Street,11-26-1989,5401643776,pass597,8019,23041,818,27525,863
Name491,Surname259,465 Random Street,11-26-1997,1931140991,pass605,1470,68935,991,69760,1665
Name670,Surname534,353 Random Street,01-06-2009,8157272189,pass921,9414,5343,2258,11001,2571
Name76,Surname335,219 Random Street,03-19-1992,8187212612,pass163,8597,31043,4050,37448,4992
Name760,Surname339,140 Random Street,04-10-1995,4907022141,pass276,3922,69412,3284,70010,4245
Name256,Surname971,3 Random Street,07-26-1973,3040425782,pass668,8399,8242,2682,14286,3147
Name742,Surname471,306 Random Street,04-11-1999,5650882761,pass295,9184,28307,781,34500,1470
Name564,Surname154,76 Random Street,10-21-1986,8052491044,pass255,4589,79332,2690,88176,2911
Name444,Surname153,180 Random Street,08-20-1989,2038563192,pass619,2813,10457,4534,11767,5433
Name602,Surname323,56 Random Street,02-25-1976,3126626507,pass312,3533,68469,974,71612,1743
Name220,Surname918,434 Random Street,03-17-1982,7778531128,pass655,8362,30241,1124,39562,1418
Name778,Surname498,33 Random Street,09-24-1993,8896870742,pass736,3814,9931,2245,17681,3223
Name478,Surname323,235 Random Street,09-23-1974,8968661610,pass950,9010,97687,2450,102714,2972
Name921,Surname373,159 Random Street,04-22-1998,7074307042,pass645,6458,37185,3370,38160,3555
Name558,Surname546,376 Random Street,12-15-1999,9567323860,pass848,4837,79021,3225,82384,3604
Name592,Surname257,439 Random Street,11-25-1986,1980479547,pass488,9850,81632,4695,90726,5161
Name477,Surname243,276 Random Street,05-09-1992,9859632769,pass939,1789,42295,3282,48618,3811
Name652,Surname236,138 Random Street,05-03-1997,6009733681,pass350,1441,48740,3701,56802,4224
Name358,Surname24,497 Random Street,03-26-1975,2752094291,pass589,5087,32394,3981,41506,4784
Name728,Surname705,54 Random Street,11-09-1999,6128161423,pass884,6147,64626,3089,69020,3576
Name502,Surname904,479 Random Street,04-25-1990,6429514182,pass374,4000,39874,2347,42513,2895
Name386,Surname539,288 Random Street,12-19-1988,6968590572,pass292,7826,6178,3237,12909,3250
Name357,Surname250,9 Random Street,02-03-1984,2926017555,pass843,5058,95788,190,100186,626
Name53,Surname799,177 Random Street,01-22-1979,3172719962,pass522,5012,26332,256,34402,615
Name86,Surname994,143 Random Street,09-01-1985,4403015099,pass275,3743,18023,2477,26792,3108
Name338,Surname492,254 Random Street,06-25-1989,6799091759,pass445,3631,71790,4728,75730,4827
Name216,Surname282,493 Random Street,07-14-2009,5805427222,pass231,1002,48301,3304,57187,4166
Name250,Surname649,256 Random Street,08-28-1989,7993867797,pass367,3043,29495,3181,35543,3789
Name878,Surname837,438 Random Street,08-21-1972,9159336997,pass158,2343,52391,2640,61457,2734
Name192,Surname45,5 Random Street,11-18-1977,4715072006,pass307,9411,79815,4631,84899,4868
Name794,Surname522,40 Random Street,10-19-2006,1816034459,pass236,3516,38177,4436,43587,4995
Name437,Surname857,360 Random Street,11-11-1973,2130117063,pass961,3428,29755,2927,32500,3419
Name208,Surname867,54 Random Street,03-28-1993,8396942452,pass965,5023,22370,298,23731,383
Name15,Surname553,86 Random Street,09-01-2009,4143919729,pass302,4900,16106,4410,24637,4456
Name646,Surname371,16 Random Street,10-18-1991,1444284663,pass295,1528,68203,3443,75697,3679
Name549,Surname734,203 Random Street,06-28-1979,7829128014,pass206,7242,48335,4115,57127,4327
Name92,Surname19,120 Random Street,04-06-2008,6494142004,pass755,5586,72089,4736,75589,5018
Name357,Surname363,249 Random Street,05-22-1976,9280659855,pass104,2730,97667,4238,105038,5104
Name948,Surname554,347 Random Street,07-09-1970,9256771180,pass613,9762,21269,2346,26322,2631
Name641,Surname198,426 Random Street,02-12-2005,4989781153,pass675,6021,78010,1549,80351,1829
Name56,Surname582,201 Random Street,09-21-1992,9059904045,pass484,7822,20917,2191,21596,2313
Name59,Surname817,478 Random Street,02-10-1999,3118329477,pass666,8819,88082,2863,89687,3672
Name697,Surname831,241 Random Street,07-03-1984,1491115449,pass714,2483,90184,1969,98193,2413
Name619,Surname754,252 Random Street,11-25-1976,7178759754,pass924,7681,74403,4898,76241,5476
Name743,Surname259,354 Random Street,09-27-1982,6395953124,pass182,5378,18878,318,22109,435
Name847,Surname16,219 Random Street,07-02-1993,5486174201,pass273,2359,2620,3600,9577,3714
Name218,Surname576,281 Random Street,11-21-2007,9729189961,pass228,6310,41906,4767,49700,5487
Name252,Surname195,311 Random Street,09-24-1985,9441867004,pass597,3467,79704,4242,85906,4558
Name25,Surname204,162 Random Street,03-05-1987,9062134137,pass514,9744,71669,3888,72898,4733
Name456,Surname455,266 Random Street,09-24-1980,5303622643,pass732,9682,94318,630,104141,1538
Name847,Surname928,384 Random Street,06-24-2003,9798485256,pass183,2579,69730,2996,71174,3736
Name817,Surname505,121 Random Street,01-09-2005,3352921482,pass760,2360,66583,1393,73090,1688
Name220,Surname825,242 Random Street,02-22-1990,6564801022,pass294,4532,3947,1802,9943,2385
Name909,Surname382,454 Random Street,11-25-1984,4128794367,pass193,8329,97507,3945,98228,4084
Name533,Surname910,153 Random Street,03-15-1983,2614539512,pass481,6063,52507,3464,59998,4009
Name608,Surname564,155 Random Street,04-23-1986,5204868817,pass518,9712,18923,519,19442,1422
Name589,Surname815,361 Random Street,09-13-1984,5190310214,pass899,8670,57289,215,66668,1136
Name382,Surname769,341 Random Street,02-08-1995,3382364594,pass446,3923,9079,1943,17111,2081
Name906,Surname91,118 Random Street,04-23-2010,6911485514,pass883,5310,22027,3995,24816,4271
Name269,Surname65,156 Random Street,11-19-1972,9251854440,pass627,6741,24489,4684,27530,5589
Name724,Surname842,53 Random Street,07-01-1979,5326458297,pass244,6473,32966,833,40703,1487
Name137,Surname375,378 Random Street,09-22-1994,7559939232,pass802,7555,45477,1281,50316,1502
Name264,Surname424,217 Random Street,04-05-2008,8193310178,pass326,7949,38299,879,47359,1754
Name141,Surname542,114 Random Street,09-21-1992,4513824424,pass435,5132,83981,2247,88838,2871
Name123,Surname734,316 Random Street,08-27-1989,7397008315,pass749,1914,68658,1297,73850,2211
Name728,Surname887,158 Random Street,01-10-1972,3792517260,pass830,8137,16383,1708,26079,2700
Name547,Surname20,114 Random Street,01-19-1983,7527640483,pass433,8848,94846,2201,98765,2859
Name439,Surname489,455 Random Street,02-22-1992,1726349210,pass393,3732,78553,1512,80036,2297
Name939,Surname886,140 Random Street,04-16-1982,3241453066,pass534,8225,82637,2310,91350,2351
Name728,Surname124,487 Random Street,05-24-2002,1033133203,pass373,9222,94901,80,96644,282
Name452,Surname90,316 Random Street,09-06-1988,5323388957,pass443,6772,83300,4881,84649,5595
Name879,Surname706,417 Random Street,10-06-1995,4769019209,pass631,3576,30916,2711,33274,3024
Name367,Surname725,451 Random Street,05-15-1977,9473354749,pass717,9656,33466,1571,36412,2529
Name820,Surname768,376 Random Street,08-22-1976,8656931547,pass427,3524,59737,2107,63906,2153
Name486,Surname236,109 Random Street,01-02-1998,2521460341,pass472,6225,67503,1549,70791,1820
Name536,Surname805,232 Random Street,05-21-1992,7269615938,pass979,7481,68593,165,71286,1020
Name412,Surname243,349 Random Street,08-16-2009,5945394609,pass314,6714,43522,1042,46463,1709
Name483,Surname967,27 Random Street,07-14-1996,1362366483,pass515,7623,6255,1211,12153,1581
Name849,Surname552,290 Random Street,07-04-1977,5369950652,pass402,7987,24122,811,32661,1329
Name851,Surname824,241 Random Street,07-02-1997,6087259637,pass538,7150,60898,716,65958,1610
Name673,Surname532,7 Random Street,01-22-1996,1836265883,pass213,6836,14608,3131,16196,3690
Name289,Surname586,169 Random Street,10-08-1989,5116426292,pass229,4507,4154,2126,11264,2571
Name473,Surname729,369 Random Street,04-19-1985,8080517719,pass956,2091,18316,122,21639,857
Name651,Surname484,76 Random Street,10-17-1979,7699656582,pass935,1661,23022,3711,28045,4669
Name477,Surname639,257 Random Street,10-18-2004,9856284237,pass975,7171,58033,2811,64969,3082
Name99,Surname261,356 Random Street,09-21-2000,1649167486,pass673,2936,83867,3046,84510,3607
Name209,Surname926,496 Random Street,01-20-2004,4200273896,pass684,7412,80276,704,82731,1314
Name297,Surname264,409 Random Street,01-26-2009,8119528695,pass995,3298,57361,2877,64107,3673
Name682,Surname199,499 Random Street,02-07-1992,6935336957,pass200,9528,72395,3584,75714,3848
Name282,Surname844,10 Random Street,02-14-2002,6774934158,pass737,5837,92291,3523,93254,3771
Name800,Surname554,425 Random Street,01-07-1977,4769277922,pass500,4524,62531,684,71096,751
Name587,Surname877,298 Random Street,12-05-1996,7692686370,pass922,6679,37398,4857,37927,5842
Name391,Surname45,95 Random Street,09-28-1992,3009744052,pass151,4854,53615,3270,62036,3811
Name438,Surname831,344 Random Street,02-01-1988,2855160400,pass654,6339,87436,3093,91459,3277
Name183,Surname306,23 Random Street,10-01-1987,6332219132,pass288,2660,80997,3846,84078,4477
Name748,Surname53,34 Random Street,03-19-1998,8476273747,pass248,5018,54948,516,62966,1481
Name968,Surname561,217 Random Street,06-10-1989,4213461882,pass352,6205,55815,4079,56969,4632
Name869,Surname230,340 Random Street,04-27-1992,7131685734,pass892,2774,38129,3994,45532,4441
Name393,Surname371,468 Random Street,09-17-1994,3567439255,pass630,3410,82474,1804,91285,2804
Name464,Surname429,269 Random Street,02-22-2004,6607877073,pass406,8547,85161,2608,88827,2984
Name492,Surname321,49 Random Street,03-12-1970,2317337371,pass747,2015,30721,4964,35328,5160
Name474,Surname205,210 Random Street,04-08-1982,2657419298,pass500,8561,70042,2485,77204,2815
Name184,Surname297,372 Random Street,02-24-2008,9804053187,pass351,7502,70559,695,79684,1593
Name773,Surname495,372 Random Street,04-07-2000,8306182111,pass321,6133,90459,2572,99894,3533
Name15,Surname148,371 Random Street,08-22-2006,7395741706,pass631,1636,72595,3091,82035,3705
Name235,Surname731,445 Random Street,08-28-2005,5823430481,pass821,5950,14698,1439,17222,1728
Name569,Surname407,356 Random Street,10-24-2010,5425044303,pass209,4060,53969,603,63245,779
Name194,Surname757,15 Random Street,01-15-1970,7514020122,pass925,6430,38538,2589,47880,2928
Name367,Surname36,373 Random Street,06-12-2000,8910714725,pass891,6673,26723,3440,31246,3486
Name728,Surname385,309 Random Street,02-27-1982,1721467324,pass734,2445,19087,3431,26012,3450
Name73,Surname396,263 Random Street,08-03-2004,4468228001,pass877,7747,36958,4611,41099,5034
Name266,Surname985,136 Random Street,08-09-1979,3043437797,pass581,6274,34287,1334,43771,2262
Name384,Surname323,293 Random Street,08-12-1988,8696852778,pass164,5790,29632,393,31114,701
Name706,Surname214,335 Random Street,02-19-1995,8035866240,pass932,5637,70962,420,76024,1333
Name801,Surname859,262 Random Street,08-27-1976,5729690872,pass154,8331,12867,120,19389,154
Name194,Surname897,329 Random Street,08-20-1980,6980325661,pass198,1992,53292,592,62120,1383
Name271,Surname695,90 Random Street,10-14-1993,6348882255,pass142,7066,90705,3986,99641,4082
Name82,Surname778,22 Random Street,01-12-1996,1255829080,pass467,6278,57829,295,59126,391
Name200,Surname120,374 Random Street,05-06-1980,3042513694,pass411,9257,55519,208,57097,404
Name543,Surname58,117 Random Street,01-06-1977,9068110501,pass109,3177,49476,733,58955,1630
Name704,Surname393,249 Random Street,03-16-2007,9362906166,pass819,7545,67261,1778,72469,1979
Name563,Surname575,338 Random Street,05-01-1993,7485762743,pass482,2635,66998,4930,69857,5829
Name392,Surname613,471 Random Street,01-24-1998,8881223092,pass443,6521,24869,304,33498,826
Name392,Surname824,14 Random Street,01-25-1992,2377464120,pass975,2007,18171,4530,27893,5360
Name414,Surname867,430 Random Street,11-20-1990,8769810392,pass348,7699,2380,3747,6078,4096
Name862,Surname438,493 Random Street,06-07-1986,6269996659,pass470,7167,19187,2369,25721,2440
Name348,Surname208,107 Random Street,08-24-1981,6369660175,pass285,4494,76001,3934,82449,4297
Name982,Surname113,208 Random Street,02-18-1974,4357647984,pass959,1116,54934,3355,63609,4129
Name380,Surname853,172 Random Street,08-19-1994,8710931211,pass151,7396,52581,3517,54523,3978
Name940,Surname126,446 Random Street,04-19-1993,8277306581,pass718,5688,60160,2845,65342,3774
Name606,Surname268,71 Random Street,05-23-1999,6050507313,pass974,4124,65162,2117,73803,2890
Name865,Surname895,306 Random Street,09-25-1998,9574894322,pass554,4984,8216,978,17405,1853
Name43,Surname17,465 Random Street,09-24-1997,3469293984,pass477,5701,73465,2867,80366,3441
Name749,Surname771,120 Random Street,04-22-1991,5829687245,pass926,2557,22324,2025,32084,2191
Name187,Surname265,20 Random Street,03-23-1974,7915599504,pass101,3779,56467,2859,64498,3016
Name192,Surname383,312 Random Street,07-07-2001,5655604180,pass737,9041,32902,2789,41430,3204
Name91,Surname130,72 Random Street,11-21-1986,9098907174,pass332,5573,28292,963,36996,1696
Name728,Surname135,87 Random Street,01-01-1999,5401500741,pass346,7508,86148,2147,92462,2976
Name508,Surname976,20 Random Street,09-26-1977,1638304956,pass796,5402,68336,4201,69422,4288
Name313,Surname799,294 Random Street,04-22-2010,8471585907,pass514,8135,57501,3542,62136,4171
Name131,Surname86,494 Random Street,04-06-2004,1430285504,pass977,6868,38443,1848,46913,2205
Name917,Surname504,36 Random Street,04-12-2007,9341062734,pass978,3766,49798,4247,59494,4930
Name684,Surname685,397 Random Street,04-04-1981,3085710415,pass146,3093,10236,193,15956,439
Name789,Surname246,356 Random Street,09-20-1978,3709396747,pass398,8227,29625,450,33876,921
Name920,Surname256,456 Random Street,10-28-1983,7616185809,pass682,1368,14723,3705,18702,4042
Name713,Surname19,68 Random Street,09-05-1999,2666670319,pass520,9387,85672,97,90708,178
Name582,Surname571,153 Random Street,01-10-1988,2582409519,pass920,3649,20448,2045,21368,2970
Name495,Surname562,13 Random Street,04-10-1973,1437153396,pass702,3639,45914,1744,52847,1892
Name683,Surname574,437 Random Street,07-18-1971,5000534679,pass133,6197,66378,2621,67338,2982
Name508,Surname296,210 Random Street,10-27-1993,3918115448,pass828,1306,66035,2713,68008,2879
Name660,Surname85,146 Random Street,03-20-1986,8484891967,pass905,4363,35510,1961,42667,2872
Name227,Surname121,494 Random Street,02-11-1997,4395994002,pass645,3469,83833,2384,88191,3056
Name717,Surname158,191 Random Street,08-23-2003,8978682380,pass583,8446,63591,4556,66540,4772
Name942,Surname287,458 Random Street,09-18-2002,7009508238,pass719,6632,30517,579,33708,1236
Name654,Surname753,206 Random Street,12-22-2010,2492587880,pass958,6420,11406,3076,17542,3906
Name346,Surname725,65 Random Street,03-28-1982,2326253873,pass698,9640,80866,4566,84384,5245
Name379,Surname179,41 Random Street,05-25-1981,9214312161,pass911,3095,72130,104,74976,529
Name893,Surname53,236 Random Street,01-24-1995,2463863620,pass125,9833,67624,2726,73336,2746
Name258,Surname509,186 Random Street,10-09-2005,4387960148,pass711,1578,41846,1006,42551,1221
Name834,Surname850,77 Random Street,11-01-1997,1051994530,pass140,9985,10343,1888,15500,2763
Name210,Surname413,82 Random Street,02-15-1978,1553717081,pass794,1287,2425,1027,10928,1880
Name1000,Surname402,152 Random Street,10-01-2004,1117573110,pass168,8185,51000,1769,52629,1954
Name361,Surname769,298 Random Street,01-18-1984,6483061687,pass443,7206,44126,1175,46295,1255
Name998,Surname460,33 Random Street,04-24-1990,2208614079,pass465,1109,5969,3652,11084,4563
Name67,Surname973,432 Random Street,10-25-1999,8328313973,pass874,2633,2987,3403,4970,3488
Name272,Surname595,457 Random Street,08-23-2003,4564534683,pass108,3587,56443,1440,64100,2295
Name724,Surname998,228 Random Street,02-02-1980,4202263517,pass492,2357,2861,2242,10247,2504
Name666,Surname86,294 Random Street,02-07-2006,2591805915,pass123,3039,20182,3959,22384,4336
Name72,Surname388,92 Random Street,01-14-1989,3072332607,pass188,4322,27207,714,29528,955
Name570,Surname86,335 Random Street,04-26-2009,6233654199,pass353,8770,50920,2543,53638,2802
Name781,Surname388,322 Random Street,06-15-1998,9453487872,pass446,3904,12957,3983,22003,4976
Name550,Surname839,72 Random Street,07-26-1981,5599420056,pass568,3253,71245,1537,74489,2405
Name163,Surname821,242 Random Street,11-05-1976,1917142830,pass350,8123,73778,2962,74916,3188
Name404,Surname150,33 Random Street,04-28-1978,6617196973,pass349,1898,46717,4717,52389,5146
Name106,Surname103,198 Random Street,02-27-1985,2328118717,pass685,6400,35249,620,37543,1256
Name154,Surname712,36 Random Street,09-23-1974,2716471589,pass884,6460,93105,2513,96610,3184
Name646,Surname461,423 Random Street,12-23-1980,7181903819,pass977,7336,74670,2357,79362,3313
Name971,Surname80,210 Random Street,11-17-2005,4709802320,pass202,1566,92812,1595,99147,2356
Name231,Surname470,87 Random Street,01-09-1977,8780616517,pass604,4483,81141,929,83268,1266
Name789,Surname883,24 Random Street,05-21-1986,5102404194,pass817,1000,52628,3322,53985,3470
Name562,Surname297,499 Random Street,01-14-1982,9996882549,pass744,6976,75307,4739,80185,4915
Name399,Surname188,365 Random Street,09-05-1974,3652483674,pass730,3311,63834,4876,66516,5071
Name16,Surname473,436 Random Street,01-15-1979,9740075535,pass847,1379,63378,4445,65957,4474
Name982,Surname898,292 Random Street,02-20-2005,3132827178,pass891,7821,28542,4772,31960,5274
Name33,Surname230,293 Random Street,06-02-1981,7660380799,pass463,7589,98262,3834,101378,4238
Name49,Surname940,200 Random Street,05-13-1982,5557358300,pass746,7742,83050,831,87548,1270
Name397,Surname808,109 Random Street,08-22-2001,6232522693,pass138,8860,64923,4635,66136,4845
Name765,Surname436,423 Random Street,08-08-1980,3046543742,pass540,1260,53121,1294,62145,2120
Name601,Surname949,167 Random Street,05-12-1989,8526754953,pass498,3056,1324,2743,6258,3376
Name45,Surname690,129 Random Street,10-03-2005,1844607747,pass652,3091,88471,4079,92504,4540
Name714,Surname457,272 Random Street,12-10-2007,2549256914,pass570,6409,35912,2204,43096,2764
Name157,Surname909,25 Random Street,07-22-2004,9934108552,pass197,7762,15959,2189,24231,2289
Name744,Surname87,203 Random Street,07-20-1997,6828506131,pass481,2755,47047,1689,51525,2300
Name228,Surname167,450 Random Street,03-18-2001,5548166020,pass924,8278,62994,4383,63636,5075
Name897,Surname596,143 Random Street,08-14-1991,8253692487,pass247,4738,85330,579,89976,968
Name218,Surname134,35 Random Street,07-24-1977,2608273733,pass134,3758,8387,2962,11635,3289
Name367,Surname845,466 Random Street,02-04-2001,6514003230,pass240,4428,76849,2891,81257,3715
Name209,Surname449,30 Random Street,05-01-2004,3748547347,pass391,1848,89813,2728,95239,3428
Name11,Surname742,178 Random Street,12-25-2004,7833365634,pass908,4469,9932,441,14923,1325
Name131,Surname430,465 Random Street,08-05-1996,4110192707,pass192,7179,53894,3347,60368,4122
Name124,Surname553,445 Random Street,06-07-1996,8664841569,pass493,5682,4694,626,9167,1136
Name307,Surname721,291 Random Street,07-26-1985,5909696686,pass891,5501,54854,3002,56199,4001
Name236,Surname427,255 Random Street,09-06-2010,1394753089,pass776,8732,94476,1866,99582,2751
Name771,Surname723,231 Random Street,11-10-2005,3503027398,pass749,3199,94044,1266,101764,2107
Name728,Surname210,301 Random Street,10-03-1978,5235511890,pass502,6999,54397,3674,55619,4067
Name217,Surname210,180 Random Street,01-18-1972,1305451910,pass267,2348,75107,4442,80642,4579
Name533,Surname613,2 Random Street,02-27-2008,7241147367,pass618,1751,70292,2578,71722,2769
Name27,Surname295,138 Random Street,12-08-2001,6865974867,pass716,4953,38869,3806,47199,4342
Name416,Surname650,291 Random Street,09-23-1986,2534882688,pass278,2122,31087,3277,40866,3622
Name862,Surname496,234 Random Street,08-09-2003,1174906896,pass905,3769,15147,399,17332,916
Name344,Surname666,159 Random Street,07-16-1971,8880680131,pass185,1370,99664,4746,103777,5326
Name931,Surname614,276 Random Street,03-01-1985,7598349081,pass285,5549,52300,221,59793,1025
Name416,Surname338,204 Random Street,01-04-1981,5608207136,pass275,6613,74151,4995,78040,5204
Name810,Surname501,450 Random Street,07-02-1980,4014912528,pass507,1124,11863,1915,12723,2613
Name215,Surname514,145 Random Street,01-21-1984,2689150097,pass884,2653,64841,1062,70344,1198
Name279,Surname690,83 Random Street,04-14-1994,4292644242,pass624,6927,44103,1906,47333,2532
Name451,Surname743,450 Random Street,07-27-2004,6238296275,pass876,1944,13195,4500,15130,4864
Name262,Surname352,295 Random Street,11-27-2008,6902213993,pass515,9852,92887,3423,95811,3753
Name898,Surname649,96 Random Street,07-04-1977,1890148471,pass715,5972,19171,2252,27189,2750
Name38,Surname329,40 Random Street,03-02-1999,1852292297,pass916,7564,27155,2366,36649,2549
Name893,Surname849,84 Random Street,08-09-2006,1242483215,pass719,1450,35818,3546,42104,3643
Name488,Surname131,360 Random Street,11-26-1991,1823405383,pass381,7838,44401,1920,46554,2081
Name444,Surname406,12 Random Street,06-15-1979,9498208929,pass273,2477,31929,3729,38629,3966
Name624,Surname640,495 Random Street,07-21-1986,1409375543,pass677,5394,56192,3118,57451,3230
Name2,Surname497,294 Random Street,09-11-1979,9430675892,pass520,8709,14594,3139,24144,3852
Name499,Surname88,452 Random Street,08-12-2004,3598669087,pass123,8180,73376,3561,82100,4438
Name236,Surname768,196 Random Street,09-14-2003,9718911595,pass307,6043,67171,3120,69605,3940
Name987,Surname283,43 Random Street,01-05-1970,1798968257,pass645,3275,57625,1851,62820,2622
Name377,Surname563,334 Random Street,04-20-1999,1960467169,pass946,4137,11147,2056,18044,2519
Name367,Surname730,369 Random Street,09-16-2000,8262778301,pass205,8794,68648,1671,69275,1982
Name160,Surname597,129 Random Street,09-21-2009,3653889759,pass280,8878,9136,1375,12305,1726
Name132,Surname76,110 Random Street,06-02-1987,5210139622,pass198,8214,43715,4358,50176,4490
Name540,Surname25,154 Random Street,02-28-1984,3067566109,pass514,1897,86817,2674,91927,2975
Name51,Surname721,83 Random Street,11-10-1998,4164786567,pass228,5824,11705,297,19741,475
Name61,Surname500,376 Random Street,04-22-1980,6772376524,pass244,8057,38912,4117,42563,4945
Name843,Surname523,382 Random Street,10-08-1995,9340424778,pass765,6489,48160,1053,57694,1374
Name915,Surname386,439 Random Street,03-03-1994,6466991417,pass355,4541,82636,2471,92517,3408
Name754,Surname881,59 Random Street,06-19-2000,2869544100,pass977,2874,76575,4277,80209,4343
Name789,Surname131,489 Random Street,07-08-1994,7270623853,pass240,1621,14173,1942,18504,2583
Name611,Surname831,267 Random Street,08-12-2009,1394903764,pass383,1505,50400,3973,57391,4913
Name647,Surname498,38 Random Street,11-02-1992,4963185172,pass166,8724,29739,2443,36046,2775
Name520,Surname570,299 Random Street,07-28-1991,8813859345,pass511,1907,79812,2166,81849,2329
Name27,Surname579,90 Random Street,08-21-1989,8398828968,pass902,2230,46251,3440,48679,3828
Name299,Surname104,130 Random Street,04-25-1998,9304264453,pass696,3201,4536,4859,5254,5774
Name390,Surname883,379 Random Street,01-11-1976,3959096227,pass303,1941,87421,406,96645,1187
Name727,Surname385,271 Random Street,01-03-1984,6139345660,pass484,8786,71080,4983,76407,5891
Name969,Surname708,64 Random Street,08-02-1976,1300780847,pass567,5910,13155,1637,21537,1903
Name576,Surname362,107 Random Street,02-08-2009,4730403868,pass401,1637,53267,744,57860,1569
Name227,Surname974,419 Random Street,02-11-2001,9782208387,pass291,8361,53128,4061,54643,4932
Name535,Surname872,272 Random Street,05-20-2004,7165417644,pass987,4860,8415,4307,16377,5051
Name790,Surname24,102 Random Street,10-20-2001,7755115699,pass886,7276,52764,2225,53442,3176
Name123,Surname636,163 Random Street,01-23-2009,7604311911,pass178,5232,85617,3916,93542,4754
Name401,Surname85,378 Random Street,04-16-1982,3553582814,pass574,8016,16840,3768,21782,3986
Name121,Surname914,448 Random Street,12-03-2000,6058926232,pass910,2994,30743,450,31575,1044
Name250,Surname402,354 Random Street,11-13-1973,2273696774,pass966,9561,40637,4607,48969,5314
Name192,Surname447,460 Random Street,05-01-1980,4784287749,pass185,2525,98941,65,101536,370
Name355,Surname56,202 Random Street,05-03-2003,6276452921,pass674,5667,13570,823,20576,1238
Name615,Surname892,381 Random Street,05-27-1991,8629985169,pass448,4339,63423,4788,66214,5519
Name983,Surname926,438 Random Street,08-10-1987,4354807621,pass325,4786,50998,847,60217,1081
Name775,Surname715,268 Random Street,10-28-1970,9962653926,pass616,3603,42553,4376,47675,4654
Name872,Surname308,447 Random Street,04-25-1981,7724123636,pass229,9047,44733,587,52351,1586
Name549,Surname121,366 Random Street,10-06-1987,4189042299,pass707,4629,70759,1079,73707,1128
Name410,Surname328,248 Random Street,03-02-1972,2367793318,pass822,6664,21395,2991,27898,3347
Name574,Surname341,359 Random Street,04-26-1995,5757814728,pass500,1305,1596,3237,10124,3963
Name371,Surname307,244 Random Street,05-28-2007,5034319712,pass320,9873,36906,3030,44010,3477
Name649,Surname792,328 Random Street,12-14-1977,4121470388,pass699,4129,73231,3164,78237,3594
Name243,Surname854,325 Random Street,09-11-1976,6001482849,pass315,1165,38456,981,42239,1565
Name971,Surname8,184 Random Street,06-14-1972,9210578016,pass993,1195,62133,103,70266,172
Name479,Surname632,413 Random Street,11-14-1987,1533305888,pass642,9712,20551,2250,27704,2504
Name103,Surname14,191 Random Street,03-25-1975,7377019087,pass450,8258,13257,2628,15594,2795
Name611,Surname664,222 Random Street,02-28-2000,5967917886,pass227,7082,77202,1600,85651,1959
Name708,Surname682,45 Random Street,06-27-1981,7828751167,pass775,8898,43689,3746,47535,4088
Name404,Surname632,199 Random Street,01-22-1985,6724045257,pass251,1598,96627,3778,103159,3883
Name2,Surname796,391 Random Street,06-15-1988,9283040375,pass215,2746,33403,400,40978,530
Name497,Surname190,326 Random Street,10-20-1993,9653721552,pass511,1321,79607,1113,83366,1945
Name540,Surname376,11 Random Street,03-27-1979,7702236502,pass607,7462,17229,449,25746,742
Name278,Surname403,481 Random Street,04-03-2000,6608456299,pass705,2035,95027,4036,103240,4635
Name833,Surname182,412 Random Street,04-09-1986,3759967868,pass635,2936,61457,4388,62286,4713
Name269,Surname679,56 Random Street,06-11-1994,5563700024,pass763,6805,24952,1145,30165,1837
Name583,Surname53,212 Random Street,07-03-1987,3891536844,pass314,1161,57794,3888,63498,4837
Name588,Surname500,117 Random Street,01-24-1983,6911449037,pass352,8472,51393,2606,55550,2828
Name113,Surname724,359 Random Street,06-18-1999,2688341891,pass509,6450,38770,3947,47013,4377
Name674,Surname183,379 Random Street,01-17-1991,5128614537,pass422,9205,63046,4998,66051,5024
Name305,Surname178,141 Random Street,10-22-1998,5088459142,pass934,7922,27366,2384,28337,2611
Name919,Surname777,469 Random Street,02-12-1984,5171057670,pass580,4499,96195,846,100196,1222
Name551,Surname387,305 Random Street,01-04-2001,4895905528,pass447,2144,42417,1172,51453,1417
Name658,Surname816,267 Random Street,10-04-2003,7168705029,pass517,7903,70149,1121,70882,1900
Name844,Surname367,6 Random Street,01-06-2001,4388719375,pass144,1538,15796,1759,18495,2656
Name338,Surname383,147 Random Street,04-27-1989,5945539485,pass264,3022,25804,4690,34867,5250
Name703,Surname435,195 Random Street,03-13-2010,7641213431,pass864,6405,30381,1344,36519,1396
Name754,Surname368,281 Random Street,05-02-1993,7306138041,pass984,1264,1019,3232,9556,3940
Name687,Surname183,85 Random Street,05-07-2000,9566785069,pass800,6001,89069,2395,93046,3087
Name617,Surname142,447 Random Street,11-26-2010,1431607236,pass495,2047,55993,4631,57545,5190
Name183,Surname620,142 Random Street,03-15-1997,9275169991,pass936,6321,48011,884,51796,1525
Name692,Surname613,398 Random Street,09-15-1999,4696311378,pass475,8871,2828,3634,11865,3672
Name182,Surname998,91 Random Street,12-12-2001,3643656274,pass286,5475,12833,2665,17746,3273
Name782,Surname941,252 Random Street,09-23-2004,2512258487,pass462,1680,18821,4187,24368,5093
Name691,Surname605,359 Random Street,02-20-1975,1981318412,pass273,3760,81162,1577,88150,1856
Name818,Surname337,335 Random Street,11-25-1997,6071328052,pass330,9248,38323,4250,42854,4450
Name639,Surname78,349 Random Street,06-16-1987,2419241533,pass580,1376,2826,1699,5571,2117
Name579,Surname276,27 Random Street,11-24-1984,8042105539,pass474,3328,59195,2842,68289,3380
Name474,Surname784,494 Random Street,09-01-1989,8489794568,pass897,4962,83580,359,86827,591
Name161,Surname44,144 Random Street,08-21-1977,5809936964,pass246,3383,72586,2121,81124,2286
Name76,Surname284,167 Random Street,08-06-1976,8467406548,pass902,2341,80137,4367,86934,4885
Name976,Surname318,37 Random Street,11-18-2000,3735081766,pass261,6799,15527,4901,18523,4947
Name978,Surname263,408 Random Street,08-28-1997,6456508907,pass559,6579,13179,1931,19159,2319
Name588,Surname158,305 Random Street,01-13-1983,3913762815,pass266,5691,17426,4892,25877,4935
Name213,Surname398,212 Random Street,07-19-1998,1935487323,pass432,3626,75750,4403,79807,4599
Name48,Surname479,457 Random Street,02-24-1979,2309078655,pass920,5159,6408,4169,14115,4939
Name306,Surname959,453 Random Street,10-10-1973,3795734317,pass618,2700,72715,1759,78460,2585
Name736,Surname166,186 Random Street,11-17-1992,2677170258,pass329,6762,90304,4432,98149,4495
Name230,Surname850,91 Random Street,09-26-2004,7083792271,pass390,3584,29849,1650,34740,2427
Name319,Surname664,369 Random Street,05-19-2010,5535392854,pass277,4756,84080,4209,86444,4850
Name926,Surname726,383 Random Street,03-05-2005,6265927202,pass470,2251,56978,3027,58662,3819
Name20,Surname773,317 Random Street,10-28-1995,8200906748,pass578,2957,70753,3258,80438,3890
Name528,Surname251,51 Random Street,11-21-1983,1592960293,pass147,4273,19008,368,25512,984
Name780,Surname241,471 Random Street,10-17-1989,3130168918,pass372,6081,34915,1593,42294,2113
Name948,Surname637,41 Random Street,10-25-2001,3485025676,pass176,6731,10698,4037,14199,4811
Name104,Surname583,427 Random Street,06-16-2009,2896593867,pass181,2487,49539,1063,59132,2008
Name531,Surname347,446 Random Street,11-18-1990,8915917024,pass622,1939,26065,1193,33961,2031
Name760,Surname332,381 Random Street,02-05-1999,5288533935,pass764,7184,52410,97,54921,927
Name363,Surname401,210 Random Street,02-07-2010,8377583983,pass107,5882,58021,994,58957,1910
Name551,Surname21,238 Random Street,08-04-1994,8702176884,pass100,8359,20478,2987,27616,3300
Name501,Surname543,13 Random Street,03-12-2003,1330068725,pass371,4556,30793,2626,38683,3036
Name91,Surname816,111 Random Street,12-21-2006,4220389153,pass287,8550,89518,1512,94724,1714
Name768,Surname207,130 Random Street,02-18-1992,9681447534,pass707,4000,36342,1279,42359,1606
Name269,Surname835,485 Random Street,10-03-1992,3366880607,pass303,8521,74034,341,83893,1265
Name145,Surname558,278 Random Street,05-12-1989,9577174506,pass185,8115,80968,3381,87479,3717
Name425,Surname381,376 Random Street,08-26-1988,8441555674,pass203,5674,31872,1766,35809,2656
Name964,Surname704,125 Random Street,01-12-1976,1721587229,pass294,6841,11448,873,21084,1788
Name55,Surname957,20 Random Street,06-11-1999,2645621839,pass816,9990,98836,3903,106581,4657
Name709,Surname262,378 Random Street,02-22-1977,2546334254,pass291,2154,40995,1255,44689,1659
Name62,Surname958,5 Random Street,07-22-2005,4246436951,pass952,1232,60371,1428,63776,2037
Name888,Surname392,366 Random Street,05-17-1985,9291169537,pass309,9208,90212,2797,92966,3314
Name124,Surname795,394 Random Street,06-19-1997,1135364251,pass819,6913,58275,2992,62863,3249
Name643,Surname972,406 Random Street,02-25-2000,5470633179,pass445,4061,72539,1585,76526,2491
Name231,Surname176,389 Random Street,09-16-1972,3558231686,pass320,9985,53861,1218,58762,2048
Name383,Surname564,332 Random Street,05-28-2009,5933568624,pass470,5958,63753,4517,64301,4794
Name850,Surname725,237 Random Street,11-17-1992,8743213383,pass802,1117,60381,2155,69604,3092
Name923,Surname199,84 Random Street,09-20-1982,3093198143,pass951,2195,95541,4786,97462,5061
Name968,Surname783,420 Random Street,01-24-1999,7409186071,pass407,5817,26001,560,28627,858
Name398,Surname254,413 Random Street,05-15-2006,4710355845,pass441,4831,87203,4962,94034,5165
Name988,Surname914,114 Random Street,12-12-1993,6052392691,pass488,2989,14297,1512,19901,2289
Name590,Surname18,202 Random Street,05-21-2002,4657334368,pass932,4933,10656,614,13847,1356
Name906,Surname721,275 Random Street,05-05-1994,3764396037,pass349,6592,49183,4612,52610,5266
Name399,Surname453,283 Random Street,12-28-1992,5890597593,pass909,3661,97469,3998,104495,4317
Name801,Surname828,367 Random Street,12-06-1995,6128508830,pass450,7057,18650,3521,23723,4160
Name321,Surname766,381 Random Street,07-26-1989,1043737890,pass155,7151,50540,866,58352,1635
Name404,Surname431,456 Random Street,09-22-1994,8499979176,pass354,9061,56295,3340,63607,3683
Name521,Surname149,124 Random Street,05-01-1999,4534090223,pass478,4824,9692,3948,18429,4818
Name946,Surname550,100 Random Street,07-19-1986,6408682344,pass220,7438,31527,1282,37962,1371
Name274,Surname51,119 Random Street,03-20-1994,8055455044,pass237,2378,77759,2210,84956,2411
Name3,Surname575,274 Random Street,07-02-1986,3909180430,pass672,8306,96541,3506,102609,4190
Name81,Surname916,62 Random Street,07-10-1975,1111573299,pass913,8078,45673,1982,51200,2004
Name874,Surname895,48 Random Street,07-24-1997,9877734994,pass581,4496,20896,1830,22512,2325
Name226,Surname707,292 Random Street,11-15-1972,3752595316,pass719,8510,5417,2576,13318,3103
Name620,Surname117,294 Random Street,02-16-1979,5585691560,pass553,5896,12715,1267,18079,1566
Name550,Surname534,48 Random Street,09-19-1979,2497604985,pass620,1266,14755,4961,24262,5434
Name990,Surname898,236 Random Street,02-19-1990,7486202323,pass190,3261,10116,4279,10883,4330
Name392,Surname508,396 Random Street,12-27-1972,6865199301,pass764,1775,13227,3029,21069,3268
Name441,Surname471,429 Random Street,05-01-1991,7615772767,pass888,5331,1273,3865,3513,4077
Name321,Surname200,106 Random Street,03-16-1987,9157163390,pass631,5818,66805,1422,73925,2026
Name999,Surname189,247 Random Street,08-11-1993,7638624605,pass300,3751,95595,184,99154,331
Name983,Surname612,337 Random Street,11-21-1972,4510093374,pass611,2977,46606,2644,48680,2731
Name890,Surname900,300 Random Street,06-24-1991,2212616567,pass819,6270,92404,4581,96208,5119
Name262,Surname675,219 Random Street,11-20-1997,1688617650,pass132,9706,77589,3040,83514,3462
Name814,Surname643,303 Random Street,08-24-2008,5766646581,pass114,6536,54641,4611,58806,4888
Name66,Surname323,274 Random Street,05-02-1988,6148544236,pass494,2822,48763,3534,54258,3819
Name201,Surname74,495 Random Street,01-16-1997,7115625999,pass350,5020,44790,1517,47422,1993
Name757,Surname151,371 Random Street,08-20-1986,6928340039,pass865,6039,37489,3455,41994,4052
Name462,Surname203,275 Random Street,08-01-1989,5067694272,pass978,7826,70257,4526,78367,4666
Name649,Surname901,114 Random Street,01-15-1992,6357216327,pass381,9965,54545,3179,63541,3590
Name758,Surname331,272 Random Street,10-07-1975,4973854751,pass934,2895,47319,2530,52373,3443
Name270,Surname496,209 Random Street,05-15-1995,8734505604,pass930,4283,90766,4690,92998,4959
Name105,Surname688,207 Random Street,01-24-1982,4311702700,pass679,7025,89927,4020,98728,4291
Name362,Surname383,354 Random Street,05-26-1976,4539260737,pass248,6741,95652,3109,104364,3228
Name889,Surname828,272 Random Street,11-02-1972,4110393488,pass107,6708,19555,3011,25216,3623
Name216,Surname563,378 Random Street,02-22-1984,9035085197,pass118,8266,39246,1594,46173,1961
Name836,Surname643,278 Random Street,05-03-1994,6707255253,pass801,2042,40018,4512,45823,5071
Name445,Surname293,488 Random Street,01-25-1999,9073927372,pass220,6878,86351,4495,93728,4913
Name996,Surname810,386 Random Street,09-10-1985,2645070560,pass175,9262,23589,1622,26285,2041
Name718,Surname908,489 Random Street,01-13-1984,4843783872,pass583,4732,22506,2587,31923,2945
Name620,Surname595,137 Random Street,05-22-1991,9969714533,pass154,7623,3120,4423,5762,4782
Name276,Surname693,226 Random Street,03-25-2003,8549594130,pass223,5213,77416,3191,80083,4066
Name724,Surname878,56 Random Street,12-17-1979,9028429046,pass798,1173,97412,1695,98331,1752
Name501,Surname194,438 Random Street,04-05-1972,7281731857,pass194,8186,72299,2725,74719,3712
Name157,Surname186,211 Random Street,06-27-2004,6820463208,pass933,6995,5762,2015,15107,2234
Name69,Surname906,312 Random Street,04-22-1987,3949967425,pass747,3807,79639,4656,80627,4963
Name611,Surname487,323 Random Street,05-13-1989,5913377185,pass356,7024,52224,957,53324,1717
Name324,Surname954,173 Random Street,01-15-1987,3042375213,pass779,9151,33813,1785,40418,1993
Name136,Surname121,129 Random Street,07-03-1983,8457586651,pass676,1517,29322,1708,37543,2406
Name913,Surname399,275 Random Street,05-01-1994,7679375969,pass248,9740,65755,4406,71593,5353
Name275,Surname303,76 Random Street,09-21-1978,8007842176,pass548,8159,21129,1111,23928,1503
Name7,Surname446,268 Random Street,07-04-2003,3374248276,pass228,6368,13832,154,20844,422
Name617,Surname159,253 Random Street,04-17-2004,9757060186,pass300,2388,6113,1864,9917,2521
Name466,Surname955,478 Random Street,06-10-1982,1228308237,pass823,4902,8971,2239,11283,2420
Name404,Surname698,390 Random Street,10-13-1987,2018660515,pass251,5637,28085,3941,32452,4317
Name164,Surname502,496 Random Street,08-03-1975,9743275172,pass593,7003,63799,3836,67006,3889
Name169,Surname950,454 Random Street,09-22-1997,4262834551,pass364,9765,1816,4637,10940,4878
Name380,Surname642,1 Random Street,08-13-1981,8987587341,pass363,6249,15719,3932,16758,4775
Name312,Surname797,442 Random Street,12-13-1985,6057626184,pass294,9659,80273,1880,90133,2350
Name706,Surname336,315 Random Street,05-03-2002,2206754103,pass516,9322,67914,3381,69883,4233
Name348,Surname934,277 Random Street,07-15-1999,8390079392,pass234,5076,36457,1967,44409,2628
Name722,Surname326,235 Random Street,04-02-2000,5394941642,pass516,9346,43436,1503,47773,1684
Name734,Surname832,228 Random Street,03-03-2008,5706174487,pass872,3859,2406,3528,7879,3679
Name644,Surname585,73 Random Street,06-12-2000,8233259390,pass638,8317,39524,739,40248,1123
Name884,Surname454,181 Random Street,09-24-1999,6992293838,pass296,9576,73624,4153,76528,4697
Name587,Surname609,347 Random Street,08-02-1970,2688706022,pass751,1576,85990,1279,94458,2121
Name762,Surname351,34 Random Street,02-24-1985,2109236994,pass299,5418,25300,399,29228,753
Name267,Surname907,200 Random Street,12-02-1993,3982647652,pass920,8582,58034,2814,63445,3685
Name523,Surname162,27 Random Street,06-10-1980,4702687704,pass551,9090,24022,2814,25975,3701
Name861,Surname986,367 Random Street,08-26-1989,7885539946,pass708,3572,89807,287,95539,915
Name996,Surname672,7 Random Street,09-07-2005,7280541880,pass390,7527,5754,1307,12961,1835
Name523,Surname778,445 Random Street,03-04-2010,9200833919,pass511,2603,53992,2035,57085,2691
Name103,Surname3,464 Random Street,08-04-1984,5530911536,pass161,9724,57029,2514,58913,2817
Name493,Surname344,354 Random Street,10-15-1987,8774030260,pass738,6612,46822,1776,52122,2399
Name200,Surname626,321 Random Street,09-28-1973,4646706089,pass434,8629,59492,2580,66183,3344
Name906,Surname841,276 Random Street,08-27-2010,7577022377,pass941,7396,7415,422,10305,727
Name810,Surname678,461 Random Street,02-27-1977,6720885740,pass427,9803,25886,2105,35539,2592
Name556,Surname340,361 Random Street,02-09-1987,4411514129,pass662,6504,16534,4993,18539,5106
Name424,Surname304,27 Random Street,03-24-1984,5165617623,pass373,3478,17309,1257,24764,1609
Name37,Surname47,173 Random Street,10-27-1977,7790754770,pass438,7850,22592,4436,29803,4709
Name548,Surname5,361 Random Street,09-08-1973,7931144020,pass292,2745,31007,3473,34685,4392
Name138,Surname87,10 Random Street,06-11-1988,2622356689,pass261,1213,34072,1978,36403,2699
Name385,Surname110,6 Random Street,07-26-1981,3232610869,pass717,4964,80331,2712,82913,2776
Name808,Surname537,67 Random Street,04-16-1992,6914910829,pass230,4606,48127,3771,56815,4403
Name896,Surname32,94 Random Street,08-07-2010,6737068343,pass154,5555,82333,794,87702,1293
Name811,Surname184,115 Random Street,09-25-1995,6169206690,pass525,5849,60351,3318,69564,3635
Name716,Surname355,380 Random Street,03-18-2000,2572818258,pass773,8339,19888,1268,21807,1315
Name11,Surname251,9 Random Street,08-06-1985,6783650209,pass763,9821,73169,3718,74523,4577
Name319,Surname412,97 Random Street,08-20-1972,2854172404,pass407,7693,73589,2040,82548,2686
Name622,Surname970,3 Random Street,01-27-1974,2939161438,pass311,1453,22684,4765,28809,5492
Name821,Surname593,151 Random Street,09-17-1983,8832909566,pass690,9451,29454,1851,34976,2743
Name165,Surname736,423 Random Street,08-27-1995,5946773658,pass592,7422,25060,4659,26934,5116
Name727,Surname209,453 Random Street,04-13-1971,7858871826,pass908,3108,64516,3929,72603,4642
Name726,Surname167,495 Random Street,07-26-2006,1204470444,pass183,7522,22119,3073,30618,3385
Name813,Surname362,296 Random Street,05-19-1987,9044174900,pass210,7156,68090,1534,69223,1856
Name592,Surname589,352 Random Street,11-11-1986,3944672086,pass950,6000,65049,217,67234,540
Name143,Surname423,11 Random Street,08-25-1996,8109411181,pass227,7753,45561,4678,47517,4698
Name124,Surname249,486 Random Street,10-17-1978,1922419057,pass875,5651,47699,4278,55880,4307
Name254,Surname621,259 Random Street,05-15-2007,9925112978,pass982,3746,6600,3917,8188,4851
Name659,Surname79,452 Random Street,12-05-1994,2476113887,pass806,9354,51935,3699,54651,3795
Name1,Surname849,268 Random Street,07-11-1993,9632240433,pass379,2195,87729,3683,95297,4077
Name956,Surname12,286 Random Street,10-08-1981,3569338505,pass515,1935,79158,970,85118,1518
Name89,Surname234,407 Random Street,09-11-2004,5043134522,pass528,6850,15890,2555,25501,3109
Name348,Surname13,268 Random Street,09-26-1985,7166469028,pass180,8965,66404,3021,72425,3131
Name412,Surname712,82 Random Street,01-11-2000,3551346255,pass444,5241,90369,639,95655,1007
Name156,Surname561,95 Random Street,02-11-1994,4445551830,pass949,9475,11858,72,12358,816
Name527,Surname422,493 Random Street,01-26-1981,2006067758,pass719,6342,52127,1454,59052,1727
Name790,Surname104,418 Random Street,02-22-1982,4919466393,pass217,4061,89598,69,92649,288
Name663,Surname750,243 Random Street,12-27-1990,2025889947,pass103,4824,12754,934,15090,1496
Name510,Surname533,366 Random Street,10-18-2010,1175759742,pass246,3026,64480,2599,67508,2754
Name175,Surname788,169 Random Street,03-17-1997,9759579011,pass157,2329,1381,3353,4219,3924
Name692,Surname962,318 Random Street,05-19-1985,1831568648,pass736,5883,92684,1257,101115,1563
Name95,Surname928,12 Random Street,01-25-1978,4327776240,pass616,7407,31613,4275,37516,5122
Name452,Surname612,293 Random Street,07-15-1980,7501884359,pass182,6205,62821,127,68996,924
Name163,Surname246,240 Random Street,08-01-2002,1378731891,pass873,6381,5363,3346,11189,3983
Name740,Surname188,325 Random Street,12-20-1980,8147519790,pass590,4570,98575,3676,106661,4457
Name960,Surname904,270 Random Street,06-24-1975,2391849498,pass720,2843,7443,2737,13253,3650
Name850,Surname538,251 Random Street,03-10-1980,9712378834,pass207,9216,12258,1247,18239,1825
Name80,Surname780,313 Random Street,08-20-1995,9880224328,pass699,8545,54247,2863,59342,2893
Name345,Surname531,249 Random Street,02-15-1998,8744729477,pass485,1077,26008,2747,26628,3351
Name215,Surname127,401 Random Street,09-26-1974,7945898918,pass587,3348,74686,4249,84145,4487
Name88,Surname797,219 Random Street,11-26-1982,2620486253,pass559,9762,61070,1371,66999,1550
Name110,Surname102,142 Random Street,03-13-2002,3538339949,pass749,5782,49637,2768,59271,3254
Name814,Surname250,329 Random Street,09-18-1972,3592588682,pass155,4483,76873,3713,80020,4636
Name176,Surname81,41 Random Street,03-06-1974,9458158115,pass298,6218,17723,3454,26820,4190
Name909,Surname952,141 Random Street,02-04-1972,8501121100,pass342,7609,11391,1857,16938,2037
Name721,Surname759,96 Random Street,04-11-1976,4943351930,pass611,4870,91704,4917,92835,5639
Name606,Surname958,44 Random Street,08-04-1986,4304422904,pass187,4973,20292,98,25760,1065
Name801,Surname528,93 Random Street,03-15-1986,6538831082,pass163,7868,11760,2939,16750,3898
Name309,Surname137,283 Random Street,01-03-1992,9257027595,pass681,1579,15729,317,20199,728
Name260,Surname622,178 Random Street,08-09-1981,3434203711,pass404,4910,57197,1411,63492,1808
Name977,Surname126,315 Random Street,02-25-1993,4398243555,pass310,5764,44896,410,54747,453
Name991,Surname470,405 Random Street,09-24-1980,9200214748,pass575,3813,12073,422,16901,888
Name807,Surname288,368 Random Street,12-18-1976,7388732041,pass858,2451,25371,4440,33543,4826
Name614,Surname811,358 Random Street,06-21-1972,7304911320,pass858,6344,4320,2217,6477,2473
Name525,Surname390,203 Random Street,01-03-1988,3978070605,pass623,7546,95126,845,96013,1227
Name452,Surname354,187 Random Street,08-01-1988,1894082807,pass157,9391,92594,852,95864,1001
Name630,Surname537,70 Random Street,11-22-2000,6369899597,pass708,6452,22831,3783,25751,4115
Name958,Surname328,441 Random Street,05-09-1974,5613304096,pass950,3402,23596,3438,29377,4434
Name615,Surname117,102 Random Street,12-09-2007,3601338114,pass552,5301,86103,4535,95139,4573
Name589,Surname357,167 Random Street,02-06-1996,5721725681,pass751,8961,34759,1505,40925,2416
Name38,Surname157,350 Random Street,05-20-2007,9810115999,pass823,5080,12772,1373,15034,1387
Name448,Surname784,305 Random Street,10-17-2010,7500559975,pass581,1905,43889,160,53767,570
Name757,Surname575,449 Random Street,11-28-1988,3956429976,pass521,3357,28550,3212,36059,3296
Name47,Surname642,54 Random Street,09-27-1975,6930705163,pass453,7451,68342,1707,71215,2614
Name356,Surname432,60 Random Street,03-01-2004,4975832561,pass987,1928,80762,2692,83632,3115
Name623,Surname86,262 Random Street,06-21-1974,3891665256,pass644,9792,68112,4803,68770,5539
Name237,Surname559,372 Random Street,07-20-1990,8814376438,pass833,9555,17103,3845,23777,4311
Name326,Surname79,464 Random Street,05-09-1978,6577994948,pass508,9828,89466,4190,92536,4690
Name64,Surname683,421 Random Street,10-26-2008,3205171543,pass180,6453,84766,1336,93047,2035
Name518,Surname156,426 Random Street,11-11-2002,9678755906,pass584,9696,91922,76,100239,767
Name164,Surname269,428 Random Street,09-14-1976,3056376504,pass954,6124,55018,797,55911,1518
Name998,Surname988,324 Random Street,11-15-1973,6865796983,pass227,5592,94204,55,102925,693
Name25,Surname879,404 Random Street,10-13-1973,9018018367,pass251,2562,9100,224,9938,666
Name62,Surname657,381 Random Street,12-02-1975,4285120812,pass617,1139,20750,294,25990,562
Name789,Surname39,20 Random Street,11-15-2001,8128734421,pass922,8429,94715,2809,96979,3572
Name138,Surname431,288 Random Street,03-08-2009,1000277445,pass938,2947,55738,3544,56787,4097
Name669,Surname115,133 Random Street,09-25-1973,7752472633,pass647,9168,97736,1469,105868,1522
Name408,Surname836,252 Random Street,02-02-2000,6586315105,pass598,4762,63566,1200,68150,1214
Name20,Surname584,461 Random Street,12-25-1984,2297122447,pass866,3937,76961,3319,81410,4079
Name626,Surname256,26 Random Street,08-16-1971,9294963314,pass445,9415,18948,1005,26054,1209
Name41,Surname778,308 Random Street,08-07-1981,7653940997,pass898,5186,31689,1538,35269,2107
Name260,Surname975,383 Random Street,06-18-1999,6291499758,pass774,5309,27933,3543,30721,4160
Name274,Surname835,106 Random Street,11-14-2004,7558549116,pass323,4480,3410,3691,8546,4420
Name624,Surname510,385 Random Street,11-23-1992,9935049141,pass352,7994,4886,2895,12338,3275
Name955,Surname542,126 Random Street,11-26-2006,2943309372,pass174,3452,39596,1250,40789,1724
Name128,Surname908,407 Random Street,03-27-1995,4750797685,pass602,8212,73973,3285,80997,3941
Name957,Surname173,71 Random Street,04-25-1993,5934320990,pass766,4906,92927,4672,98998,5394
Name784,Surname226,262 Random Street,06-25-1978,2756785849,pass524,2089,7024,2508,10262,3085
Name370,Surname230,75 Random Street,08-24-1979,5430014382,pass970,1493,13226,3823,18250,4252
Name208,Surname487,337 Random Street,09-06-1977,8667820290,pass577,6932,97915,2490,100240,2529
Name276,Surname698,263 Random Street,03-16-2005,6858180992,pass611,8279,53104,2925,62561,3317
Name220,Surname140,330 Random Street,03-17-2005,2709218941,pass528,9888,47249,3149,51055,4109
Name978,Surname631,320 Random Street,05-11-1971,1505526084,pass372,4341,45033,3927,45559,4825
Name256,Surname550,223 Random Street,03-28-1972,4147440292,pass997,6620,90142,1271,98515,2046
Name49,Surname86,19 Random Street,09-07-2009,8569388253,pass479,4208,47824,754,56972,826
Name8,Surname555,393 Random Street,10-17-1989,3069982655,pass678,7487,72556,3628,76570,4147
Name710,Surname468,246 Random Street,04-24-1971,2490215052,pass577,3052,7122,2760,9011,3673
Name733,Surname441,171 Random Street,08-02-1987,4431901728,pass102,7112,34730,2607,35242,3459
Name226,Surname741,304 Random Street,06-01-1985,7684771108,pass558,7998,34964,1297,38454,2029
Name315,Surname13,154 Random Street,06-20-1984,1230165040,pass222,3986,86343,2494,92522,2776
Name434,Surname772,496 Random Street,11-26-1971,7835317542,pass383,9755,13363,1126,19530,1737
Name978,Surname82,239 Random Street,08-22-1990,2844126257,pass712,9316,91072,86,95069,866
Name725,Surname449,369 Random Street,05-16-1974,1339187229,pass656,1375,94185,4291,98776,5084
Name843,Surname772,376 Random Street,09-18-1984,9816147049,pass917,9762,67251,4123,76299,4925
Name300,Surname197,127 Random Street,05-23-2008,6690061444,pass819,7810,10715,4367,15882,4524
Name790,Surname344,327 Random Street,12-06-1983,4047371222,pass312,9483,18942,1618,28437,2052
Name654,Surname21,317 Random Street,04-19-2009,2052226726,pass573,4112,66393,1886,73093,2166
Name506,Surname528,356 Random Street,05-12-1995,5512125811,pass774,2083,32105,3550,39702,4427
Name766,Surname669,457 Random Street,12-05-1997,1763229678,pass916,6553,41948,4170,43600,5048
Name157,Surname945,19 Random Street,09-25-2003,5913444707,pass176,3950,66657,4047,70132,4235
Name252,Surname888,411 Random Street,03-12-1988,2565430137,pass112,2338,84886,1278,92317,1395
Name521,Surname227,411 Random Street,05-22-1971,1760675535,pass991,1347,38718,3043,44647,3591
Name627,Surname828,310 Random Street,08-12-1973,1851351862,pass157,6342,54669,654,64163,727
Name392,Surname804,196 Random Street,05-20-1988,8897492481,pass230,5216,21827,4575,27259,5169
Name895,Surname740,227 Random Street,12-19-2010,5424794009,pass762,8774,66412,3971,70600,4415
Name683,Surname727,221 Random Street,08-25-1986,9458315779,pass472,4018,41722,1694,45842,1844
Name62,Surname39,469 Random Street,12-25-2009,8513207155,pass685,8623,79423,3333,84147,4239
Name945,Surname677,168 Random Street,04-21-1998,2556547963,pass170,5553,76639,4905,78183,4969
Name607,Surname747,402 Random Street,08-10-1999,7884883314,pass228,9708,90377,2619,95937,3385
Name852,Surname366,246 Random Street,12-11-1987,8892187325,pass888,1745,49878,290,55076,532
Name541,Surname200,379 Random Street,06-22-1970,3087482616,pass942,6039,64773,155,71342,293
Name33,Surname530,221 Random Street,01-07-2010,9649575085,pass342,3538,61888,819,70032,964
Name261,Surname682,391 Random Street,04-10-1995,7837161874,pass896,5608,32200,4079,40182,5033
Name718,Surname693,175 Random Street,03-09-1988,9529431346,pass164,5357,5476,1058,7350,1632
Name693,Surname13,164 Random Street,06-27-1987,4127876663,pass714,5193,1901,4050,5446,4802
Name677,Surname482,444 Random Street,05-20-1991,8541570422,pass748,7271,40087,547,47555,743
Name229,Surname853,171 Random Street,02-12-1990,1808335249,pass863,5368,40951,1273,50838,2000
Name114,Surname463,178 Random Street,05-11-1993,8606163057,pass765,1027,15297,1103,19607,1818
Name47,Surname91,467 Random Street,06-10-1994,7079450488,pass143,9481,5525,3007,9032,3410
Name758,Surname209,467 Random Street,04-25-1988,7952486984,pass588,6323,38237,137,47672,777
Name796,Surname311,45 Random Street,05-11-2007,8922686568,pass576,5742,17457,2845,19583,3174
Name104,Surname656,61 Random Street,07-15-1989,8203472444,pass863,1573,92679,1130,98156,1663
Name144,Surname608,415 Random Street,03-06-2005,2421351121,pass389,5347,2535,4341,4632,4806
Name200,Surname994,125 Random Street,10-02-1975,1442238482,pass300,3131,54559,4382,56092,4463
Name230,Surname928,440 Random Street,09-07-1983,2557178423,pass869,8293,7395,1458,16175,2090
Name678,Surname732,209 Random Street,02-28-2009,3446846499,pass274,8259,19918,616,26736,626
Name843,Surname943,11 Random Street,03-19-1973,9852250266,pass795,2498,56886,4218,62466,4665
Name455,Surname86,324 Random Street,12-19-1995,2688590352,pass106,7390,44216,4056,49525,4467
Name134,Surname939,249 Random Street,07-14-2007,6673580099,pass665,4703,15567,562,20906,872
Name447,Surname280,18 Random Street,09-24-2001,1147624074,pass501,2693,82033,1499,86555,2307
Name301,Surname354,389 Random Street,04-24-1974,3240990657,pass426,8102,91895,2091,99180,2213
Name308,Surname492,455 Random Street,05-06-2000,4906852039,pass760,4490,53781,1046,57059,1261
Name81,Surname202,29 Random Street,03-18-1979,7477880761,pass521,6245,36295,940,43774,1295
Name352,Surname262,71 Random Street,05-15-1992,4449180535,pass817,3721,43157,789,44056,1557
Name751,Surname313,109 Random Street,02-17-1995,3077470882,pass968,4306,58224,92,62146,789
Name92,Surname698,167 Random Street,11-11-1972,1820937902,pass717,1496,25706,4037,28549,4697
Name888,Surname940,315 Random Street,04-07-1979,4064425421,pass780,5378,42599,3894,46687,4399
Name680,Surname42,476 Random Street,11-25-1970,1785569573,pass114,8679,83345,380,92574,689
Name441,Surname382,476 Random Street,08-25-2008,8685532843,pass446,6474,25212,4867,30824,5554
Name403,Surname209,380 Random Street,05-07-1988,8044629105,pass327,8018,74870,437,83509,504
Name632,Surname730,236 Random Street,06-19-1979,4054621028,pass776,6852,7594,2164,9237,2928
Name377,Surname167,402 Random Street,07-15-1983,1837700394,pass848,3635,12821,1036,21622,1096
Name952,Surname951,87 Random Street,08-23-1989,5520838265,pass188,4253,34966,2414,42342,2638
Name196,Surname237,358 Random Street,10-06-1986,1904358868,pass740,3235,71966,845,75751,1702
Name164,Surname411,22 Random Street,12-07-2003,7302355232,pass387,9891,71798,3984,78694,4090
Name477,Surname292,321 Random Street,03-02-1982,5757023554,pass461,7388,57366,2121,67058,2919
Name708,Surname778,206 Random Street,02-20-1994,3982099154,pass736,3378,50030,3211,54236,3496
Name410,Surname453,360 Random Street,12-01-2009,2214867894,pass416,3248,61621,3925,67337,4372
Name968,Surname789,351 Random Street,08-27-1993,6338128585,pass746,7355,15515,4943,17579,5481
Name755,Surname487,188 Random Street,04-24-1979,3628950924,pass637,1543,32954,4723,39717,4942
Name360,Surname324,265 Random Street,02-12-1994,5219872496,pass518,3786,20218,398,24756,1272
Name531,Surname61,446 Random Street,11-12-2000,4592233856,pass667,2366,14263,1179,14979,1418
Name897,Surname57,259 Random Street,06-19-1992,5190633307,pass496,4023,70917,4621,73473,4692
Name790,Surname45,395 Random Street,10-16-1999,6832193901,pass549,3274,28369,592,37102,856
Name902,Surname341,206 Random Street,07-05-1985,4606743205,pass681,8285,43153,3947,45042,4502
Name532,Surname608,144 Random Street,02-02-1989,8794775597,pass317,7422,4410,1967,11406,2812
Name434,Surname515,11 Random Street,11-27-1989,2744440743,pass620,5765,94678,3698,96525,4525
Name6,Surname347,97 Random Street,08-09-2007,3792293554,pass729,6572,79933,3568,80951,4013
Name252,Surname991,465 Random Street,12-09-2004,8417139757,pass817,5786,77141,4335,78055,4717
Name345,Surname418,37 Random Street,04-17-2008,4040135673,pass152,4981,10190,1302,11006,1935
Name956,Surname124,457 Random Street,06-26-1971,4730954315,pass907,3473,43187,3745,51693,4660
Name45,Surname591,385 Random Street,03-02-1983,2223706312,pass588,3269,80637,362,85380,780
Name484,Surname219,48 Random Street,02-07-1993,9109722006,pass993,1033,77742,3586,79753,4374
Name442,Surname293,365 Random Street,01-20-2007,4506526259,pass865,2240,84349,1858,87396,2170
Name769,Surname202,17 Random Street,05-14-2010,5001796316,pass917,3933,84115,740,89480,1681
Name453,Surname89,224 Random Street,05-02-2006,7513833880,pass632,7462,47503,1457,51460,1917
Name170,Surname735,4 Random Street,01-14-1999,1590559782,pass531,9652,82784,2171,84661,3143
Name767,Surname897,82 Random Street,12-06-1975,1786463525,pass479,7401,75655,412,81536,775
Name679,Surname75,317 Random Street,11-28-1977,2742644617,pass678,2768,80142,3059,88688,4047
Name783,Surname884,426 Random Street,12-23-1971,1123517168,pass305,1843,79873,4418,81007,4588
Name314,Surname223,330 Random Street,11-20-1989,9317364232,pass861,3765,14323,3294,22867,4215
Name662,Surname785,444 Random Street,11-15-1982,2726563846,pass590,6592,27124,4701,30544,4926
Name539,Surname426,429 Random Street,09-01-2005,8616539594,pass866,5029,86718,2000,87909,2064
Name65,Surname174,459 Random Street,05-02-1979,4965149755,pass885,1065,68920,2896,72722,3262
Name617,Surname368,148 Random Street,01-08-1996,6003687011,pass456,1078,52305,2348,56621,2423
Name811,Surname140,327 Random Street,05-15-1988,9876119726,pass745,5477,81899,2912,86399,2955
Name848,Surname699,234 Random Street,12-13-1993,6965455888,pass251,2948,41965,1500,50408,1737
Name741,Surname45,54 Random Street,08-18-1999,2330622739,pass613,1538,58201,4543,68023,4737
Name41,Surname950,359 Random Street,04-17-1973,6328951714,pass989,9781,38495,4311,44721,5173
Name696,Surname285,401 Random Street,04-22-1985,4310731234,pass462,6923,1428,3035,2151,3784
Name908,Surname845,66 Random Street,10-28-2010,4701978979,pass764,7880,35329,553,39661,850
Name831,Surname701,348 Random Street,09-09-2006,2126121660,pass263,7275,87807,3632,88770,3895
Name184,Surname931,19 Random Street,12-12-2005,4693863229,pass767,9390,10775,1812,12291,1894
Name714,Surname637,234 Random Street,09-26-2010,1213526145,pass780,8899,59881,838,63647,1602
Name975,Surname748,302 Random Street,11-08-1999,5519800835,pass101,7625,99109,1243,102239,2121
Name774,Surname878,253 Random Street,12-20-1978,4857341505,pass641,4083,50925,3212,58601,3983
Name148,Surname439,49 Random Street,03-02-1993,4281194295,pass977,7354,83225,1812,84665,2323
Name856,Surname322,328 Random Street,07-09-1972,3544198136,pass512,7969,65698,4979,71030,5405
Name778,Surname484,20 Random Street,01-20-1995,6223806852,pass242,9224,8373,2849,12909,2998
Name313,Surname474,256 Random Street,05-14-2007,5414229277,pass500,2085,45579,4140,49215,5115
Name642,Surname158,380 Random Street,05-19-2005,5989814655,pass450,8272,83164,2795,85133,3316
Name653,Surname984,306 Random Street,02-05-1972,6719513543,pass453,4122,4120,883,8911,1626
Name484,Surname513,255 Random Street,11-12-2001,7759671955,pass158,5181,90735,2496,99277,2738
Name626,Surname398,334 Random Street,10-09-1992,9218143768,pass593,5379,25674,1963,30458,2394
Name404,Surname768,444 Random Street,01-23-1984,1670063944,pass671,7317,35731,502,37073,789
Name365,Surname770,264 Random Street,08-04-1979,4961539843,pass936,1940,11369,3024,19705,3908
Name338,Surname95,186 Random Street,03-18-1987,7778632540,pass245,9678,90195,4635,90911,5208
Name741,Surname230,48 Random Street,12-27-1971,1994967701,pass638,7317,77945,4547,84989,4817
Name813,Surname349,382 Random Street,01-03-1996,4355681284,pass549,9651,45799,4912,52340,5623
Name991,Surname161,272 Random Street,04-09-1989,2540616126,pass655,1614,78157,2028,81184,2529
Name31,Surname558,172 Random Street,12-01-1977,5652149251,pass234,9417,89998,4746,98643,4825
Name901,Surname135,15 Random Street,07-08-2007,8928222114,pass564,7256,80549,573,86259,1204
Name215,Surname608,304 Random Street,11-05-1975,7509326793,pass720,2756,61262,950,61913,1843
Name743,Surname665,16 Random Street,11-06-1980,6252431394,pass483,2256,81788,2847,88347,3333
Name961,Surname421,104 Random Street,05-01-2003,9609256329,pass633,7245,48930,3294,57422,4122
Name543,Surname664,148 Random Street,12-05-2009,2629733725,pass601,8266,63665,1913,64358,2738
Name452,Surname610,301 Random Street,04-23-1982,7665567869,pass417,1188,30018,2174,34031,2226
Name574,Surname683,340 Random Street,03-27-1975,5485285839,pass763,6790,48188,3115,54238,3317
Name226,Surname269,19 Random Street,01-09-1983,5772257732,pass577,8135,57915,3031,59106,3314
Name59,Surname162,41 Random Street,06-18-2006,5931463537,pass753,2545,47544,2144,56784,2267
Name549,Surname357,223 Random Street,12-12-2000,6627133863,pass328,1549,4001,3556,11956,3922
Name807,Surname152,420 Random Street,01-07-2009,9373587534,pass355,1492,48230,3795,56144,4120
Name680,Surname768,317 Random Street,02-13-1993,4721146273,pass433,9037,35426,620,41747,879
Name727,Surname210,114 Random Street,02-20-2010,4588521168,pass270,7236,75859,1762,82444,1959
Name88,Surname726,190 Random Street,03-09-1981,9110759123,pass976,4004,95177,4509,96874,5466
Name68,Surname291,312 Random Street,08-26-1972,1203813958,pass234,7370,24542,3680,31753,4347
Name162,Surname967,308 Random Street,03-10-2005,2655578677,pass369,2213,79932,674,88855,1030
Name785,Surname390,279 Random Street,08-10-1989,5120407890,pass567,7027,73385,4937,78344,5138
Name249,Surname362,136 Random Street,01-13-1984,3171201969,pass898,5857,8719,2818,16517,2912
Name508,Surname151,292 Random Street,06-07-2005,9755486526,pass274,5850,8456,1115,10563,1148
Name272,Surname236,297 Random Street,09-13-2009,6564140754,pass597,7605,38580,1725,42089,2216
Name943,Surname575,305 Random Street,02-15-2001,9099006461,pass441,8225,61483,3447,69363,4338
Name113,Surname967,262 Random Street,04-12-1981,9618461404,pass893,3067,67160,392,68471,717
Name438,Surname410,444 Random Street,04-11-1976,8460545777,pass632,9150,32378,3779,38951,4357
Name55,Surname701,293 Random Street,01-08-1986,8141804423,pass747,7377,52912,2263,54015,2476
Name650,Surname370,57 Random Street,09-01-1997,8171784029,pass761,7915,67701,4659,70625,5272
Name216,Surname153,441 Random Street,03-08-1993,9092172055,pass572,8716,15725,4717,18367,5491
Name684,Surname203,186 Random Street,08-23-1993,4918479944,pass479,2721,79085,1097,88455,1518
Name158,Surname339,378 Random Street,05-12-1984,6461387475,pass913,5978,12491,4681,19688,5589
Name476,Surname587,466 Random Street,11-06-1999,7598470878,pass636,4342,5619,3086,6972,3532
Name847,Surname439,233 Random Street,10-15-1989,8717420768,pass571,7496,81905,2650,88439,3097
Name979,Surname766,124 Random Street,02-06-2008,5495362822,pass205,4061,61578,2312,64388,3216
Name450,Surname749,351 Random Street,06-20-2001,3735618328,pass692,3527,82296,1036,87076,1147
Name990,Surname688,419 Random Street,10-01-2004,4578569856,pass511,9154,70975,2559,72487,3533
Name33,Surname822,400 Random Street,06-08-2002,9833437320,pass412,1943,67023,2650,76287,3053
Name174,Surname869,210 Random Street,04-25-1984,6030173247,pass719,6981,23625,2543,25841,3416
Name870,Surname395,392 Random Street,08-01-1984,1990917929,pass448,1249,40152,1711,48712,2205
Name689,Surname475,219 Random Street,07-14-1980,2177495348,pass340,8502,72273,3663,80579,3700
Name978,Surname298,153 Random Street,04-24-1980,1303706944,pass467,4158,93629,2167,99357,2897
Name917,Surname815,366 Random Street,02-01-2001,6201665839,pass895,8362,87203,1020,88297,1815
Name468,Surname512,430 Random Street,09-15-1974,8739188796,pass765,2655,4722,1447,7897,2185
Name737,Surname765,285 Random Street,05-16-1984,5767874248,pass827,8960,2716,4443,8958,4510
Name640,Surname108,8 Random Street,08-19-2000,4499832633,pass933,5444,60990,4819,64711,4873
Name453,Surname577,70 Random Street,01-07-2008,9723110805,pass852,2232,41512,2006,43891,2286
Name66,Surname371,265 Random Street,02-27-2003,7764492304,pass504,6893,46391,1458,48449,2188
Name499,Surname363,193 Random Street,02-07-1985,7280507573,pass264,5529,28874,228,38844,1079
Name909,Surname525,280 Random Street,07-24-1987,9508320010,pass761,8675,96861,3709,106388,3886
Name16,Surname339,365 Random Street,05-09-1990,7483203696,pass588,7418,14611,4473,17703,4497
Name690,Surname946,89 Random Street,08-20-1984,9657095755,pass546,8816,82443,227,84106,1221
Name934,Surname585,159 Random Street,11-10-1987,1511110124,pass174,8552,20818,4985,26574,5207
Name670,Surname347,138 Random Street,03-17-1990,2876111202,pass236,8754,94999,3996,98146,4989
Name253,Surname10,215 Random Street,05-14-2003,4308443719,pass732,7714,85196,3992,90926,4169
Name546,Surname171,298 Random Street,02-28-1989,1303695006,pass399,6955,98779,1853,100882,2182
Name771,Surname95,268 Random Street,12-02-1972,7586976953,pass445,3309,51885,723,60481,1354
Name169,Surname248,209 Random Street,05-26-2009,3537581498,pass894,5653,99617,2260,106195,2526
Name490,Surname619,154 Random Street,06-04-1996,5446318488,pass411,4443,33316,730,42180,1296
Name631,Surname873,80 Random Street,10-18-1988,7313345404,pass179,4495,99679,3850,102719,4749
Name318,Surname981,338 Random Street,10-24-1982,9971006687,pass300,2572,25585,4756,30152,5643
Name193,Surname262,401 Random Street,11-08-1986,1427951525,pass143,6025,81639,4025,84553,4655
Name706,Surname236,285 Random Street,05-23-2008,5308721773,pass741,7347,30707,174,34943,655
Name232,Surname770,19 Random Street,08-15-1997,7256965369,pass254,4371,59190,4596,67255,4677
Name31,Surname247,198 Random Street,10-12-1999,3358954599,pass664,1895,11700,4535,13544,5189
Name314,Surname728,152 Random Street,05-21-1970,8999537506,pass809,6462,55127,4658,62239,5318
Name452,Surname602,228 Random Street,05-03-1996,2787407523,pass637,7922,15036,1519,20039,1671
Name302,Surname761,329 Random Street,09-08-1997,7213505856,pass385,8563,67232,4733,68106,4936
Name869,Surname737,44 Random Street,05-11-2002,1345584503,pass886,7889,29573,3625,31897,3807
Name685,Surname249,246 Random Street,01-27-1982,2171886646,pass813,6082,11484,3477,15999,3579
Name338,Surname80,384 Random Street,05-26-1974,3036586626,pass200,5126,46871,3985,54106,4489
Name225,Surname844,430 Random Street,04-14-1998,2475408609,pass537,2265,55514,2845,57871,3030
Name180,Surname71,50 Random Street,07-25-1971,5881316065,pass244,3941,71490,1728,79120,2386
Name707,Surname727,197 Random Street,11-04-1971,2643400246,pass554,1976,23708,4375,29774,4386
Name528,Surname865,290 Random Street,04-27-2002,8282182496,pass101,9631,37648,4668,45967,4883
Name841,Surname573,15 Random Street,09-10-1971,9405549939,pass745,5024,61166,2074,63397,2205
Name271,Surname428,356 Random Street,10-18-1984,9820708579,pass867,7921,36210,1140,43897,1967
Name806,Surname969,309 Random Street,11-11-1987,7690190285,pass196,7429,24836,1726,26065,1750
Name338,Surname500,464 Random Street,02-27-1981,7439335429,pass204,9896,49420,325,53108,363
Name667,Surname810,271 Random Street,11-14-1997,1769924258,pass276,7451,34479,4364,38672,5267
Name728,Surname446,491 Random Street,05-03-1985,6650199432,pass956,9603,5481,4842,9502,5619
Name829,Surname114,338 Random Street,02-11-1983,6548517623,pass485,8599,16059,1631,18986,2030
Name128,Surname160,51 Random Street,01-16-1978,7246659159,pass987,4869,50786,1003,56097,1992
Name253,Surname275,220 Random Street,05-21-1986,4257151954,pass274,9294,49914,972,57458,1467
Name347,Surname305,73 Random Street,12-03-1995,8990628303,pass190,3185,4737,1111,13621,1871
Name142,Surname697,76 Random Street,12-07-1979,5138764543,pass599,1647,87284,2327,96561,2644
Name725,Surname324,277 Random Street,04-22-1988,1331769065,pass202,1996,24392,168,31980,292
Name14,Surname632,272 Random Street,01-14-1990,6500957764,pass196,1254,59073,1890,61218,2293
Name613,Surname18,312 Random Street,05-28-2003,5454149700,pass375,9931,55338,676,55948,748
Name790,Surname178,286 Random Street,11-11-1980,9062915278,pass991,6805,38715,2691,43351,3355
Name642,Surname304,71 Random Street,02-01-1973,9048131142,pass602,5801,55205,4753,56961,5232
Name246,Surname114,457 Random Street,12-12-1996,3868474746,pass266,4739,34941,1760,37651,2309
Name115,Surname346,444 Random Street,06-23-1976,4244159971,pass864,4335,2254,1713,4486,2329
Name247,Surname814,342 Random Street,04-09-1994,9598557273,pass227,8253,41765,3175,46452,3520
Name272,Surname840,357 Random Street,11-01-1975,6117792356,pass609,8550,4667,4379,11576,4530
Name226,Surname719,309 Random Street,12-21-2009,6428988655,pass536,5723,39897,4352,46888,4857
Name817,Surname833,111 Random Street,02-07-1986,1156413891,pass405,7857,50913,4543,55115,5470
Name162,Surname992,116 Random Street,03-01-1986,1595068756,pass643,3127,48093,2047,48874,3046
Name135,Surname71,297 Random Street,09-19-1993,2640480574,pass937,4971,20183,3625,23667,4156
Name395,Surname50,225 Random Street,06-14-1996,2713083672,pass387,3960,86032,2256,94848,2515
Name917,Surname68,325 Random Street,12-02-1992,3293073683,pass767,9337,86747,4778,90279,5037
Name147,Surname459,57 Random Street,04-13-1970,7807532398,pass496,3934,7165,208,15474,282
Name695,Surname781,54 Random Street,06-14-1978,3667729155,pass203,1882,54096,2665,63027,3309
Name527,Surname26,429 Random Street,09-08-1978,7101491807,pass208,4829,34912,3534,43920,3912
Name17,Surname598,493 Random Street,08-16-2000,8954050498,pass959,3470,79731,4889,84543,5843
Name342,Surname965,207 Random Street,01-25-1979,7588630799,pass393,3951,17706,2293,27036,2332
Name737,Surname827,266 Random Street,06-11-1991,6281712240,pass962,4044,82847,552,88949,1070
Name713,Surname416,249 Random Street,08-21-2003,5988034109,pass983,5704,4314,4612,11042,5312
Name65,Surname808,289 Random Street,02-07-1971,9181489822,pass345,5673,20671,1620,29679,2142
Name755,Surname254,363 Random Street,10-02-1985,5218528682,pass412,3541,40228,243,42859,1102
Name846,Surname662,302 Random Street,11-25-2003,2864102553,pass430,5554,28465,2300,35070,2808
Name419,Surname30,485 Random Street,01-15-1973,2380542632,pass958,8981,41830,3729,42833,3831
Name259,Surname985,55 Random Street,10-26-2009,9099772914,pass153,2960,76415,2654,82436,2898
Name979,Surname111,294 Random Street,06-06-1996,3978882694,pass125,7582,94366,2003,101854,2593
Name927,Surname170,303 Random Street,01-10-2008,3641405529,pass676,8048,81563,1976,89579,2397
Name207,Surname335,102 Random Street,04-02-2004,1573482234,pass987,7390,48500,3226,49216,3820
Name855,Surname874,3 Random Street,04-26-1994,2461434063,pass388,5838,93901,999,97607,1592
Name419,Surname263,114 Random Street,01-10-1981,5429291802,pass555,4472,80102,2987,88302,3844
Name208,Surname913,157 Random Street,01-02-2001,7949812411,pass670,4397,85053,277,94005,857
Name988,Surname69,76 Random Street,12-24-1978,6543235002,pass979,3508,49156,980,57077,1812
Name391,Surname315,215 Random Street,06-25-2009,8967118030,pass480,5640,65273,4917,65917,5412
Name990,Surname557,333 Random Street,06-22-1983,4323224988,pass811,5776,73406,4696,80311,5086
Name300,Surname102,128 Random Street,04-03-1992,9728598479,pass653,7374,36081,2567,44294,3411
Name192,Surname949,100 Random Street,03-19-1992,7722479825,pass800,6886,64707,3794,66580,4196
Name258,Surname294,407 Random Street,05-27-1996,4706632483,pass702,8414,95502,1736,102056,2639
Name90,Surname318,55 Random Street,02-20-1978,5437784847,pass884,8745,5167,4355,13648,4649
Name872,Surname775,497 Random Street,09-20-1973,7340217555,pass383,8277,63730,323,72349,450
Name985,Surname297,100 Random Street,05-16-1986,8588130432,pass848,8279,17507,1297,26444,1496
Name483,Surname743,463 Random Street,12-21-1972,7382620762,pass951,3355,81754,194,87342,304
Name797,Surname980,106 Random Street,05-09-1994,5343821022,pass943,6957,68406,3720,78188,4712
Name631,Surname409,145 Random Street,11-24-2002,8853349475,pass987,4160,94426,267,100864,451
Name195,Surname971,488 Random Street,08-15-1971,1480692934,pass274,2622,44427,2204,53829,3124
Name486,Surname391,149 Random Street,09-10-1992,5724751542,pass848,4309,11602,4258,15068,4736
Name443,Surname388,222 Random Street,04-27-1999,5690036692,pass211,1842,82989,2847,90054,3259
Name459,Surname644,287 Random Street,11-02-1998,9278044835,pass315,2168,28984,2843,32834,3583
Name146,Surname340,98 Random Street,04-27-1979,2948983562,pass447,1683,27397,4134,28977,4196
Name212,Surname128,385 Random Street,09-27-2001,2449663146,pass557,5835,98173,2526,105646,2558
Name179,Surname776,292 Random Street,04-17-1995,7622606025,pass243,9316,15930,4753,20342,4797
Name895,Surname157,386 Random Street,05-27-1999,7170036189,pass306,6491,35412,3621,44874,4067
Name539,Surname721,230 Random Street,04-02-2000,1555306394,pass872,7812,66527,1323,73097,1951
Name546,Surname903,265 Random Street,12-08-1978,6882305177,pass839,8286,72237,1745,82035,1868
Name271,Surname1,174 Random Street,08-03-2009,4764878400,pass586,9018,44057,1536,51637,2087
Name152,Surname953,363 Random Street,10-11-2006,6911437319,pass721,7877,45772,1112,46636,1155
Name317,Surname955,455 Random Street,07-16-1977,6068468513,pass153,3609,75383,2443,77692,2739
Name42,Surname551,87 Random Street,09-25-2010,8668627780,pass839,5670,74907,4132,76204,4666
Name521,Surname246,303 Random Street,09-27-1989,3594707287,pass129,7528,51554,774,55654,1055
Name894,Surname384,464 Random Street,03-18-1973,9914912589,pass147,4658,91281,3783,95361,3858
Name625,Surname99,263 Random Street,02-22-1979,5800002396,pass615,5403,39617,918,42284,1179
Name43,Surname666,483 Random Street,08-04-1978,9056381367,pass777,6079,32547,2459,34997,2818
Name261,Surname387,313 Random Street,05-25-1990,1903524796,pass669,3214,31700,942,35504,1726
Name294,Surname144,268 Random Street,04-17-1974,1701441279,pass540,2640,55462,3948,61541,4065
Name965,Surname129,131 Random Street,11-28-2003,4558588315,pass984,6381,29850,102,36177,893
Name599,Surname31,445 Random Street,09-19-1978,2919590507,pass845,4221,58250,415,59024,435
Name470,Surname845,476 Random Street,08-14-2003,4925255713,pass458,5830,99018,2443,107749,3203
Name476,Surname645,181 Random Street,03-23-1991,8966406903,pass311,4365,11274,487,14392,1184
Name101,Surname551,425 Random Street,08-12-1976,9888486131,pass582,1167,66937,2314,71924,2862
Name676,Surname565,462 Random Street,03-11-2003,1631027834,pass830,7838,16196,914,18602,989
Name561,Surname714,286 Random Street,10-19-1976,2879387909,pass786,5606,25427,1947,32549,2785
Name426,Surname680,182 Random Street,10-02-2008,7719361666,pass341,6400,51347,3999,60797,4084
Name797,Surname402,305 Random Street,01-03-1981,1794447269,pass861,5653,7745,1173,16230,1374
Name983,Surname519,300 Random Street,09-09-1989,6278183743,pass169,6957,72582,2697,79790,3655
Name615,Surname983,388 Random Street,09-01-1986,5625016523,pass458,8886,9281,4596,15028,4830
